segmento,pais,produto,faixa_desconto,data,ano,numero_mes,nome_mes,trimestre,unidades_vendidas,preco_fabricacao,preco_venda,vendas_brutas,descontos,vendas_liquidas,custo_mercadoria_vendida,lucro,margem_lucro,percentual_desconto,data_processamento
GOVERNMENT,CANADA,CARRETERA,DESCONHECIDO,2014-01-01,2014,1,JANUARY,1,1618.5,3,20,32370.0,0.0,32370.0,16185.0,16185.0,50.0,0.0,2025-11-07 21:38:37.145146
GOVERNMENT,GERMANY,CARRETERA,DESCONHECIDO,2014-01-01,2014,1,JANUARY,1,1321.0,3,20,26420.0,0.0,26420.0,13210.0,13210.0,50.0,0.0,2025-11-07 21:38:37.145146
MIDMARKET,FRANCE,CARRETERA,DESCONHECIDO,2014-06-01,2014,6,JUNE,2,2178.0,3,15,32670.0,0.0,32670.0,21780.0,10890.0,33.33,0.0,2025-11-07 21:38:37.145146
MIDMARKET,GERMANY,CARRETERA,DESCONHECIDO,2014-06-01,2014,6,JUNE,2,888.0,3,15,13320.0,0.0,13320.0,8880.0,4440.0,33.33,0.0,2025-11-07 21:38:37.145146
MIDMARKET,MEXICO,CARRETERA,DESCONHECIDO,2014-06-01,2014,6,JUNE,2,2470.0,3,15,37050.0,0.0,37050.0,24700.0,12350.0,33.33,0.0,2025-11-07 21:38:37.145146
MIDMARKET,GERMANY,MONTANA,DESCONHECIDO,2014-03-01,2014,3,MARCH,1,921.0,5,15,13815.0,0.0,13815.0,9210.0,4605.0,33.33,0.0,2025-11-07 21:38:37.145146
CHANNEL PARTNERS,CANADA,MONTANA,DESCONHECIDO,2014-06-01,2014,6,JUNE,2,2518.0,5,12,30216.0,0.0,30216.0,7554.0,22662.0,75.0,0.0,2025-11-07 21:38:37.145146
GOVERNMENT,FRANCE,MONTANA,DESCONHECIDO,2014-06-01,2014,6,JUNE,2,1899.0,5,20,37980.0,0.0,37980.0,18990.0,18990.0,50.0,0.0,2025-11-07 21:38:37.145146
CHANNEL PARTNERS,GERMANY,MONTANA,DESCONHECIDO,2014-06-01,2014,6,JUNE,2,1545.0,5,12,18540.0,0.0,18540.0,4635.0,13905.0,75.0,0.0,2025-11-07 21:38:37.145146
MIDMARKET,MEXICO,MONTANA,DESCONHECIDO,2014-06-01,2014,6,JUNE,2,2470.0,5,15,37050.0,0.0,37050.0,24700.0,12350.0,33.33,0.0,2025-11-07 21:38:37.145146
GOVERNMENT,GERMANY,MONTANA,DESCONHECIDO,2014-09-01,2014,9,SEPTEMBER,3,2146.0,5,7,15022.0,0.0,15022.0,10730.0,4292.0,28.57,0.0,2025-11-07 21:38:37.145146
ENTERPRISE,CANADA,MONTANA,DESCONHECIDO,2013-10-01,2013,10,OCTOBER,4,345.0,5,125,43125.0,0.0,43125.0,41400.0,1725.0,4.0,0.0,2025-11-07 21:38:37.145146
MIDMARKET,UNITED STATES OF AMERICA,MONTANA,DESCONHECIDO,2014-12-01,2014,12,DECEMBER,4,615.0,5,15,9225.0,0.0,9225.0,6150.0,3075.0,33.33,0.0,2025-11-07 21:38:37.145146
GOVERNMENT,CANADA,PASEO,DESCONHECIDO,2014-02-01,2014,2,FEBRUARY,1,292.0,10,20,5840.0,0.0,5840.0,2920.0,2920.0,50.0,0.0,2025-11-07 21:38:37.145146
MIDMARKET,MEXICO,PASEO,DESCONHECIDO,2014-02-01,2014,2,FEBRUARY,1,974.0,10,15,14610.0,0.0,14610.0,9740.0,4870.0,33.33,0.0,2025-11-07 21:38:37.145146
CHANNEL PARTNERS,CANADA,PASEO,DESCONHECIDO,2014-06-01,2014,6,JUNE,2,2518.0,10,12,30216.0,0.0,30216.0,7554.0,22662.0,75.0,0.0,2025-11-07 21:38:37.145146
CHANNEL PARTNERS,GERMANY,PASEO,DESCONHECIDO,2014-07-01,2014,7,JULY,3,367.0,10,12,4404.0,0.0,4404.0,1101.0,3303.0,75.0,0.0,2025-11-07 21:38:37.145146
GOVERNMENT,MEXICO,PASEO,DESCONHECIDO,2014-08-01,2014,8,AUGUST,3,883.0,10,7,6181.0,0.0,6181.0,4415.0,1766.0,28.57,0.0,2025-11-07 21:38:37.145146
MIDMARKET,FRANCE,PASEO,DESCONHECIDO,2013-09-01,2013,9,SEPTEMBER,3,549.0,10,15,8235.0,0.0,8235.0,5490.0,2745.0,33.33,0.0,2025-11-07 21:38:37.145146
SMALL BUSINESS,MEXICO,PASEO,DESCONHECIDO,2013-09-01,2013,9,SEPTEMBER,3,788.0,10,300,236400.0,0.0,236400.0,197000.0,39400.0,16.67,0.0,2025-11-07 21:38:37.145146
MIDMARKET,MEXICO,PASEO,DESCONHECIDO,2014-09-01,2014,9,SEPTEMBER,3,2472.0,10,15,37080.0,0.0,37080.0,24720.0,12360.0,33.33,0.0,2025-11-07 21:38:37.145146
GOVERNMENT,UNITED STATES OF AMERICA,PASEO,DESCONHECIDO,2014-10-01,2014,10,OCTOBER,4,1143.0,10,7,8001.0,0.0,8001.0,5715.0,2286.0,28.57,0.0,2025-11-07 21:38:37.145146
CHANNEL PARTNERS,UNITED STATES OF AMERICA,PASEO,DESCONHECIDO,2013-11-01,2013,11,NOVEMBER,4,912.0,10,12,10944.0,0.0,10944.0,2736.0,8208.0,75.0,0.0,2025-11-07 21:38:37.145146
MIDMARKET,CANADA,PASEO,DESCONHECIDO,2013-12-01,2013,12,DECEMBER,4,2152.0,10,15,32280.0,0.0,32280.0,21520.0,10760.0,33.33,0.0,2025-11-07 21:38:37.145146
GOVERNMENT,CANADA,PASEO,DESCONHECIDO,2014-12-01,2014,12,DECEMBER,4,1817.0,10,20,36340.0,0.0,36340.0,18170.0,18170.0,50.0,0.0,2025-11-07 21:38:37.145146
GOVERNMENT,MEXICO,VELO,DESCONHECIDO,2014-01-01,2014,1,JANUARY,1,1493.0,120,7,10451.0,0.0,10451.0,7465.0,2986.0,28.57,0.0,2025-11-07 21:38:37.145146
ENTERPRISE,FRANCE,VELO,DESCONHECIDO,2014-02-01,2014,2,FEBRUARY,1,1804.0,120,125,225500.0,0.0,225500.0,216480.0,9020.0,4.0,0.0,2025-11-07 21:38:37.145146
CHANNEL PARTNERS,GERMANY,VELO,DESCONHECIDO,2014-03-01,2014,3,MARCH,1,2161.0,120,12,25932.0,0.0,25932.0,6483.0,19449.0,75.0,0.0,2025-11-07 21:38:37.145146
CHANNEL PARTNERS,GERMANY,VELO,DESCONHECIDO,2014-06-01,2014,6,JUNE,2,1545.0,120,12,18540.0,0.0,18540.0,4635.0,13905.0,75.0,0.0,2025-11-07 21:38:37.145146
ENTERPRISE,CANADA,VELO,DESCONHECIDO,2013-10-01,2013,10,OCTOBER,4,345.0,120,125,43125.0,0.0,43125.0,41400.0,1725.0,4.0,0.0,2025-11-07 21:38:37.145146
CHANNEL PARTNERS,GERMANY,VTT,DESCONHECIDO,2014-04-01,2014,4,APRIL,2,2838.0,250,12,34056.0,0.0,34056.0,8514.0,25542.0,75.0,0.0,2025-11-07 21:38:37.145146
MIDMARKET,FRANCE,VTT,DESCONHECIDO,2014-06-01,2014,6,JUNE,2,2178.0,250,15,32670.0,0.0,32670.0,21780.0,10890.0,33.33,0.0,2025-11-07 21:38:37.145146
MIDMARKET,GERMANY,VTT,DESCONHECIDO,2014-06-01,2014,6,JUNE,2,888.0,250,15,13320.0,0.0,13320.0,8880.0,4440.0,33.33,0.0,2025-11-07 21:38:37.145146
GOVERNMENT,CANADA,VTT,DESCONHECIDO,2014-12-01,2014,12,DECEMBER,4,1817.0,250,20,36340.0,0.0,36340.0,18170.0,18170.0,50.0,0.0,2025-11-07 21:38:37.145146
CHANNEL PARTNERS,UNITED STATES OF AMERICA,AMARILLA,DESCONHECIDO,2014-04-01,2014,4,APRIL,2,1953.0,260,12,23436.0,0.0,23436.0,5859.0,17577.0,75.0,0.0,2025-11-07 21:38:37.145146
GOVERNMENT,FRANCE,AMARILLA,DESCONHECIDO,2014-06-01,2014,6,JUNE,2,1899.0,260,20,37980.0,0.0,37980.0,18990.0,18990.0,50.0,0.0,2025-11-07 21:38:37.145146
GOVERNMENT,GERMANY,AMARILLA,DESCONHECIDO,2014-07-01,2014,7,JULY,3,1686.0,260,7,11802.0,0.0,11802.0,8430.0,3372.0,28.57,0.0,2025-11-07 21:38:37.145146
CHANNEL PARTNERS,UNITED STATES OF AMERICA,AMARILLA,DESCONHECIDO,2014-08-01,2014,8,AUGUST,3,2141.0,260,12,25692.0,0.0,25692.0,6423.0,19269.0,75.0,0.0,2025-11-07 21:38:37.145146
GOVERNMENT,UNITED STATES OF AMERICA,AMARILLA,DESCONHECIDO,2014-10-01,2014,10,OCTOBER,4,1143.0,260,7,8001.0,0.0,8001.0,5715.0,2286.0,28.57,0.0,2025-11-07 21:38:37.145146
MIDMARKET,UNITED STATES OF AMERICA,AMARILLA,DESCONHECIDO,2014-12-01,2014,12,DECEMBER,4,615.0,260,15,9225.0,0.0,9225.0,6150.0,3075.0,33.33,0.0,2025-11-07 21:38:37.145146
GOVERNMENT,FRANCE,PASEO,LOW,2014-01-01,2014,1,JANUARY,1,3945.0,10,7,27615.0,276.15,27338.85,19725.0,7613.850000000002,27.85,1.0,2025-11-07 21:38:37.145146
MIDMARKET,FRANCE,PASEO,LOW,2014-02-01,2014,2,FEBRUARY,1,2296.0,10,15,34440.0,344.4,34095.6,22960.0,11135.599999999999,32.66,1.0,2025-11-07 21:38:37.145146
GOVERNMENT,FRANCE,PASEO,LOW,2014-05-01,2014,5,MAY,2,1030.0,10,7,7210.0,72.1,7137.9,5150.0,1987.8999999999996,27.85,1.0,2025-11-07 21:38:37.145146
GOVERNMENT,FRANCE,VELO,LOW,2014-11-01,2014,11,NOVEMBER,4,639.0,120,7,4473.0,44.73,4428.27,3195.0,1233.2700000000004,27.85,1.0,2025-11-07 21:38:37.145146
GOVERNMENT,CANADA,VTT,LOW,2014-03-01,2014,3,MARCH,1,1326.0,250,7,9282.0,92.82,9189.18,6630.0,2559.1800000000003,27.85,1.0,2025-11-07 21:38:37.145146
CHANNEL PARTNERS,UNITED STATES OF AMERICA,CARRETERA,LOW,2014-02-01,2014,2,FEBRUARY,1,1858.0,3,12,22296.0,222.96,22073.04,5574.0,16499.04,74.75,1.0,2025-11-07 21:38:37.145146
GOVERNMENT,UNITED STATES OF AMERICA,CARRETERA,LOW,2014-07-01,2014,7,JULY,3,2529.0,3,7,17703.0,177.03,17525.97,12645.0,4880.969999999999,27.85,1.0,2025-11-07 21:38:37.145146
CHANNEL PARTNERS,CANADA,CARRETERA,LOW,2014-09-01,2014,9,SEPTEMBER,3,1445.0,3,12,17340.0,173.4,17166.6,4335.0,12831.599999999999,74.75,1.0,2025-11-07 21:38:37.145146
ENTERPRISE,UNITED STATES OF AMERICA,CARRETERA,LOW,2013-09-01,2013,9,SEPTEMBER,3,330.0,3,125,41250.0,412.5,40837.5,39600.0,1237.5,3.03,1.0,2025-11-07 21:38:37.145146
CHANNEL PARTNERS,FRANCE,CARRETERA,LOW,2014-09-01,2014,9,SEPTEMBER,3,2671.0,3,12,32052.0,320.52,31731.48,8013.0,23718.48,74.75,1.0,2025-11-07 21:38:37.145146
CHANNEL PARTNERS,GERMANY,CARRETERA,LOW,2013-10-01,2013,10,OCTOBER,4,766.0,3,12,9192.0,91.92,9100.08,2298.0,6802.08,74.75,1.0,2025-11-07 21:38:37.145146
SMALL BUSINESS,MEXICO,CARRETERA,LOW,2013-10-01,2013,10,OCTOBER,4,494.0,3,300,148200.0,1482.0,146718.0,123500.0,23218.0,15.82,1.0,2025-11-07 21:38:37.145146
MIDMARKET,MEXICO,MONTANA,LOW,2014-03-01,2014,3,MARCH,1,2214.0,5,15,33210.0,332.1,32877.9,22140.0,10737.900000000001,32.66,1.0,2025-11-07 21:38:37.145146
GOVERNMENT,FRANCE,MONTANA,LOW,2014-07-01,2014,7,JULY,3,1375.5,5,20,27510.0,275.1,27234.9,13755.0,13479.899999999998,49.49,1.0,2025-11-07 21:38:37.145146
GOVERNMENT,CANADA,MONTANA,LOW,2014-08-01,2014,8,AUGUST,3,1830.0,5,7,12810.0,128.1,12681.9,9150.0,3531.8999999999996,27.85,1.0,2025-11-07 21:38:37.145146
ENTERPRISE,UNITED STATES OF AMERICA,MONTANA,LOW,2013-10-01,2013,10,OCTOBER,4,663.0,5,125,82875.0,828.75,82046.25,79560.0,2486.25,3.03,1.0,2025-11-07 21:38:37.145146
MIDMARKET,UNITED STATES OF AMERICA,PASEO,LOW,2014-02-01,2014,2,FEBRUARY,1,1514.0,10,15,22710.0,227.1,22482.9,15140.0,7342.9000000000015,32.66,1.0,2025-11-07 21:38:37.145146
ENTERPRISE,UNITED STATES OF AMERICA,PASEO,LOW,2014-06-01,2014,6,JUNE,2,727.0,10,125,90875.0,908.75,89966.25,87240.0,2726.25,3.03,1.0,2025-11-07 21:38:37.145146
ENTERPRISE,FRANCE,PASEO,LOW,2014-06-01,2014,6,JUNE,2,787.0,10,125,98375.0,983.75,97391.25,94440.0,2951.25,3.03,1.0,2025-11-07 21:38:37.145146
ENTERPRISE,MEXICO,PASEO,LOW,2014-07-01,2014,7,JULY,3,1823.0,10,125,227875.0,2278.75,225596.25,218760.0,6836.25,3.03,1.0,2025-11-07 21:38:37.145146
MIDMARKET,GERMANY,PASEO,LOW,2014-09-01,2014,9,SEPTEMBER,3,747.0,10,15,11205.0,112.05,11092.95,7470.0,3622.9500000000007,32.66,1.0,2025-11-07 21:38:37.145146
CHANNEL PARTNERS,GERMANY,PASEO,LOW,2013-10-01,2013,10,OCTOBER,4,766.0,10,12,9192.0,91.92,9100.08,2298.0,6802.08,74.75,1.0,2025-11-07 21:38:37.145146
GOVERNMENT,FRANCE,VELO,LOW,2014-04-01,2014,4,APRIL,2,3864.0,120,20,77280.0,772.8000000000001,76507.2,38640.0,37867.200000000004,49.49,1.0,2025-11-07 21:38:37.145146
GOVERNMENT,MEXICO,VELO,LOW,2014-05-01,2014,5,MAY,2,362.0,120,7,2534.0,25.34,2508.66,1810.0,698.6599999999999,27.85,1.0,2025-11-07 21:38:37.145146
ENTERPRISE,CANADA,VELO,LOW,2014-08-01,2014,8,AUGUST,3,923.0,120,125,115375.0,1153.75,114221.25,110760.0,3461.25,3.03,1.0,2025-11-07 21:38:37.145146
ENTERPRISE,UNITED STATES OF AMERICA,VELO,LOW,2013-10-01,2013,10,OCTOBER,4,663.0,120,125,82875.0,828.75,82046.25,79560.0,2486.25,3.03,1.0,2025-11-07 21:38:37.145146
GOVERNMENT,CANADA,VELO,LOW,2013-11-01,2013,11,NOVEMBER,4,2092.0,120,7,14644.0,146.44,14497.56,10460.0,4037.5599999999995,27.85,1.0,2025-11-07 21:38:37.145146
GOVERNMENT,GERMANY,VTT,LOW,2014-03-01,2014,3,MARCH,1,263.0,250,7,1841.0,18.41,1822.59,1315.0,507.5899999999999,27.85,1.0,2025-11-07 21:38:37.145146
ENTERPRISE,UNITED STATES OF AMERICA,VTT,LOW,2014-06-01,2014,6,JUNE,2,727.0,250,125,90875.0,908.75,89966.25,87240.0,2726.25,3.03,1.0,2025-11-07 21:38:37.145146
ENTERPRISE,FRANCE,VTT,LOW,2014-06-01,2014,6,JUNE,2,787.0,250,125,98375.0,983.75,97391.25,94440.0,2951.25,3.03,1.0,2025-11-07 21:38:37.145146
SMALL BUSINESS,MEXICO,VTT,LOW,2013-10-01,2013,10,OCTOBER,4,494.0,250,300,148200.0,1482.0,146718.0,123500.0,23218.0,15.82,1.0,2025-11-07 21:38:37.145146
ENTERPRISE,FRANCE,VTT,LOW,2014-11-01,2014,11,NOVEMBER,4,1744.0,250,125,218000.0,2180.0,215820.0,209280.0,6540.0,3.03,1.0,2025-11-07 21:38:37.145146
CHANNEL PARTNERS,UNITED STATES OF AMERICA,AMARILLA,LOW,2013-09-01,2013,9,SEPTEMBER,3,1989.0,260,12,23868.0,238.68,23629.32,5967.0,17662.32,74.75,1.0,2025-11-07 21:38:37.145146
MIDMARKET,FRANCE,AMARILLA,LOW,2013-11-01,2013,11,NOVEMBER,4,321.0,260,15,4815.0,48.15,4766.85,3210.0,1556.8500000000004,32.66,1.0,2025-11-07 21:38:37.145146
ENTERPRISE,CANADA,CARRETERA,LOW,2014-04-01,2014,4,APRIL,2,742.5,3,125,92812.5,1856.25,90956.25,89100.0,1856.25,2.04,2.0,2025-11-07 21:38:37.145146
CHANNEL PARTNERS,CANADA,CARRETERA,LOW,2014-10-01,2014,10,OCTOBER,4,1295.0,3,12,15540.0,310.8,15229.2,3885.0,11344.2,74.49,2.0,2025-11-07 21:38:37.145146
SMALL BUSINESS,GERMANY,CARRETERA,LOW,2013-10-01,2013,10,OCTOBER,4,214.0,3,300,64200.0,1284.0,62916.0,53500.0,9416.0,14.97,2.0,2025-11-07 21:38:37.145146
GOVERNMENT,FRANCE,CARRETERA,LOW,2013-11-01,2013,11,NOVEMBER,4,2145.0,3,7,15015.0,300.3,14714.7,10725.0,3989.7000000000007,27.11,2.0,2025-11-07 21:38:37.145146
CHANNEL PARTNERS,UNITED STATES OF AMERICA,MONTANA,LOW,2014-06-01,2014,6,JUNE,2,1142.0,5,12,13704.0,274.08,13429.92,3426.0,10003.92,74.49,2.0,2025-11-07 21:38:37.145146
GOVERNMENT,UNITED STATES OF AMERICA,MONTANA,LOW,2014-10-01,2014,10,OCTOBER,4,1566.0,5,20,31320.0,626.4,30693.6,15660.0,15033.599999999999,48.98,2.0,2025-11-07 21:38:37.145146
CHANNEL PARTNERS,MEXICO,MONTANA,LOW,2014-11-01,2014,11,NOVEMBER,4,690.0,5,12,8280.0,165.6,8114.4,2070.0,6044.4,74.49,2.0,2025-11-07 21:38:37.145146
ENTERPRISE,MEXICO,MONTANA,LOW,2013-11-01,2013,11,NOVEMBER,4,1660.0,5,125,207500.0,4150.0,203350.0,199200.0,4150.0,2.04,2.0,2025-11-07 21:38:37.145146
MIDMARKET,CANADA,PASEO,LOW,2014-02-01,2014,2,FEBRUARY,1,2363.0,10,15,35445.0,708.9,34736.1,23630.0,11106.099999999999,31.97,2.0,2025-11-07 21:38:37.145146
CHANNEL PARTNERS,UNITED STATES OF AMERICA,PASEO,LOW,2014-06-01,2014,6,JUNE,2,1142.0,10,12,13704.0,274.08,13429.92,3426.0,10003.92,74.49,2.0,2025-11-07 21:38:37.145146
ENTERPRISE,MEXICO,PASEO,LOW,2014-06-01,2014,6,JUNE,2,662.0,10,125,82750.0,1655.0,81095.0,79440.0,1655.0,2.04,2.0,2025-11-07 21:38:37.145146
CHANNEL PARTNERS,CANADA,PASEO,LOW,2014-10-01,2014,10,OCTOBER,4,1295.0,10,12,15540.0,310.8,15229.2,3885.0,11344.2,74.49,2.0,2025-11-07 21:38:37.145146
ENTERPRISE,GERMANY,PASEO,LOW,2013-10-01,2013,10,OCTOBER,4,809.0,10,125,101125.0,2022.5,99102.5,97080.0,2022.5,2.04,2.0,2025-11-07 21:38:37.145146
ENTERPRISE,MEXICO,PASEO,LOW,2013-10-01,2013,10,OCTOBER,4,2145.0,10,125,268125.0,5362.5,262762.5,257400.0,5362.5,2.04,2.0,2025-11-07 21:38:37.145146
CHANNEL PARTNERS,FRANCE,PASEO,LOW,2013-11-01,2013,11,NOVEMBER,4,1785.0,10,12,21420.0,428.4,20991.6,5355.0,15636.599999999999,74.49,2.0,2025-11-07 21:38:37.145146
MIDMARKET,UNITED STATES OF AMERICA,PASEO,LOW,2013-12-01,2013,12,DECEMBER,4,1925.0,10,15,28875.0,577.5,28297.5,19250.0,9047.5,31.97,2.0,2025-11-07 21:38:37.145146
GOVERNMENT,UNITED STATES OF AMERICA,PASEO,LOW,2013-12-01,2013,12,DECEMBER,4,2013.0,10,7,14091.0,281.82,13809.18,10065.0,3744.1800000000003,27.11,2.0,2025-11-07 21:38:37.145146
CHANNEL PARTNERS,FRANCE,PASEO,LOW,2014-12-01,2014,12,DECEMBER,4,1055.0,10,12,12660.0,253.2,12406.8,3165.0,9241.8,74.49,2.0,2025-11-07 21:38:37.145146
CHANNEL PARTNERS,MEXICO,PASEO,LOW,2014-12-01,2014,12,DECEMBER,4,1084.0,10,12,13008.0,260.16,12747.84,3252.0,9495.84,74.49,2.0,2025-11-07 21:38:37.145146
GOVERNMENT,UNITED STATES OF AMERICA,VELO,LOW,2014-10-01,2014,10,OCTOBER,4,1566.0,120,20,31320.0,626.4,30693.6,15660.0,15033.599999999999,48.98,2.0,2025-11-07 21:38:37.145146
ENTERPRISE,GERMANY,VELO,LOW,2013-10-01,2013,10,OCTOBER,4,809.0,120,125,101125.0,2022.5,99102.5,97080.0,2022.5,2.04,2.0,2025-11-07 21:38:37.145146
ENTERPRISE,MEXICO,VELO,LOW,2013-10-01,2013,10,OCTOBER,4,2145.0,120,125,268125.0,5362.5,262762.5,257400.0,5362.5,2.04,2.0,2025-11-07 21:38:37.145146
CHANNEL PARTNERS,FRANCE,VELO,LOW,2014-12-01,2014,12,DECEMBER,4,1055.0,120,12,12660.0,253.2,12406.8,3165.0,9241.8,74.49,2.0,2025-11-07 21:38:37.145146
GOVERNMENT,MEXICO,VELO,LOW,2013-12-01,2013,12,DECEMBER,4,544.0,120,20,10880.0,217.6,10662.4,5440.0,5222.4,48.98,2.0,2025-11-07 21:38:37.145146
CHANNEL PARTNERS,MEXICO,VELO,LOW,2014-12-01,2014,12,DECEMBER,4,1084.0,120,12,13008.0,260.16,12747.84,3252.0,9495.84,74.49,2.0,2025-11-07 21:38:37.145146
ENTERPRISE,MEXICO,VTT,LOW,2014-06-01,2014,6,JUNE,2,662.0,250,125,82750.0,1655.0,81095.0,79440.0,1655.0,2.04,2.0,2025-11-07 21:38:37.145146
SMALL BUSINESS,GERMANY,VTT,LOW,2013-10-01,2013,10,OCTOBER,4,214.0,250,300,64200.0,1284.0,62916.0,53500.0,9416.0,14.97,2.0,2025-11-07 21:38:37.145146
GOVERNMENT,UNITED STATES OF AMERICA,VTT,LOW,2013-12-01,2013,12,DECEMBER,4,266.0,250,350,93100.0,1862.0,91238.0,69160.0,22078.0,24.2,2.0,2025-11-07 21:38:37.145146
SMALL BUSINESS,GERMANY,AMARILLA,LOW,2014-03-01,2014,3,MARCH,1,259.0,260,300,77700.0,1554.0,76146.0,64750.0,11396.0,14.97,2.0,2025-11-07 21:38:37.145146
GOVERNMENT,UNITED STATES OF AMERICA,AMARILLA,LOW,2014-11-01,2014,11,NOVEMBER,4,1236.0,260,20,24720.0,494.4,24225.6,12360.0,11865.599999999999,48.98,2.0,2025-11-07 21:38:37.145146
GOVERNMENT,FRANCE,AMARILLA,LOW,2014-11-01,2014,11,NOVEMBER,4,941.0,260,20,18820.0,376.4,18443.6,9410.0,9033.599999999999,48.98,2.0,2025-11-07 21:38:37.145146
GOVERNMENT,GERMANY,CARRETERA,LOW,2014-04-01,2014,4,APRIL,2,2580.0,3,20,51600.0,1548.0,50052.0,25800.0,24252.0,48.45,3.0,2025-11-07 21:38:37.145146
SMALL BUSINESS,GERMANY,CARRETERA,LOW,2014-06-01,2014,6,JUNE,2,689.0,3,300,206700.0,6201.0,200499.0,172250.0,28249.0,14.09,3.0,2025-11-07 21:38:37.145146
CHANNEL PARTNERS,UNITED STATES OF AMERICA,CARRETERA,LOW,2014-09-01,2014,9,SEPTEMBER,3,1947.0,3,12,23364.0,700.92,22663.08,5841.0,16822.08,74.23,3.0,2025-11-07 21:38:37.145146
CHANNEL PARTNERS,CANADA,CARRETERA,LOW,2013-12-01,2013,12,DECEMBER,4,908.0,3,12,10896.0,326.88,10569.12,2724.0,7845.120000000001,74.23,3.0,2025-11-07 21:38:37.145146
GOVERNMENT,GERMANY,MONTANA,LOW,2014-02-01,2014,2,FEBRUARY,1,1958.0,5,7,13706.0,411.18,13294.82,9790.0,3504.8199999999997,26.36,3.0,2025-11-07 21:38:37.145146
CHANNEL PARTNERS,FRANCE,MONTANA,LOW,2014-06-01,2014,6,JUNE,2,1901.0,5,12,22812.0,684.36,22127.64,5703.0,16424.64,74.23,3.0,2025-11-07 21:38:37.145146
GOVERNMENT,FRANCE,MONTANA,LOW,2014-09-01,2014,9,SEPTEMBER,3,544.0,5,7,3808.0,114.24,3693.76,2720.0,973.7600000000002,26.36,3.0,2025-11-07 21:38:37.145146
ENTERPRISE,FRANCE,MONTANA,LOW,2014-12-01,2014,12,DECEMBER,4,1287.0,5,125,160875.0,4826.25,156048.75,154440.0,1608.75,1.03,3.0,2025-11-07 21:38:37.145146
ENTERPRISE,GERMANY,MONTANA,LOW,2014-12-01,2014,12,DECEMBER,4,1706.0,5,125,213250.0,6397.5,206852.5,204720.0,2132.5,1.03,3.0,2025-11-07 21:38:37.145146
ENTERPRISE,CANADA,PASEO,LOW,2014-03-01,2014,3,MARCH,1,1774.0,10,125,221750.0,6652.5,215097.5,212880.0,2217.5,1.03,3.0,2025-11-07 21:38:37.145146
CHANNEL PARTNERS,FRANCE,PASEO,LOW,2014-06-01,2014,6,JUNE,2,1901.0,10,12,22812.0,684.36,22127.64,5703.0,16424.64,74.23,3.0,2025-11-07 21:38:37.145146
SMALL BUSINESS,GERMANY,PASEO,LOW,2014-06-01,2014,6,JUNE,2,689.0,10,300,206700.0,6201.0,200499.0,172250.0,28249.0,14.09,3.0,2025-11-07 21:38:37.145146
ENTERPRISE,GERMANY,PASEO,LOW,2014-06-01,2014,6,JUNE,2,1570.0,10,125,196250.0,5887.5,190362.5,188400.0,1962.5,1.03,3.0,2025-11-07 21:38:37.145146
CHANNEL PARTNERS,UNITED STATES OF AMERICA,PASEO,LOW,2014-07-01,2014,7,JULY,3,1369.5,10,12,16434.0,493.02,15940.98,4108.5,11832.48,74.23,3.0,2025-11-07 21:38:37.145146
ENTERPRISE,CANADA,PASEO,LOW,2014-10-01,2014,10,OCTOBER,4,2009.0,10,125,251125.0,7533.75,243591.25,241080.0,2511.25,1.03,3.0,2025-11-07 21:38:37.145146
MIDMARKET,GERMANY,PASEO,LOW,2013-10-01,2013,10,OCTOBER,4,1945.0,10,15,29175.0,875.25,28299.75,19450.0,8849.75,31.27,3.0,2025-11-07 21:38:37.145146
ENTERPRISE,FRANCE,PASEO,LOW,2014-12-01,2014,12,DECEMBER,4,1287.0,10,125,160875.0,4826.25,156048.75,154440.0,1608.75,1.03,3.0,2025-11-07 21:38:37.145146
ENTERPRISE,GERMANY,PASEO,LOW,2014-12-01,2014,12,DECEMBER,4,1706.0,10,125,213250.0,6397.5,206852.5,204720.0,2132.5,1.03,3.0,2025-11-07 21:38:37.145146
ENTERPRISE,CANADA,VELO,LOW,2014-10-01,2014,10,OCTOBER,4,2009.0,120,125,251125.0,7533.75,243591.25,241080.0,2511.25,1.03,3.0,2025-11-07 21:38:37.145146
CHANNEL PARTNERS,MEXICO,VTT,LOW,2014-04-01,2014,4,APRIL,2,1916.0,250,12,22992.0,689.76,22302.24,5748.0,16554.24,74.23,3.0,2025-11-07 21:38:37.145146
ENTERPRISE,GERMANY,VTT,LOW,2014-06-01,2014,6,JUNE,2,1570.0,250,125,196250.0,5887.5,190362.5,188400.0,1962.5,1.03,3.0,2025-11-07 21:38:37.145146
MIDMARKET,GERMANY,VTT,LOW,2013-10-01,2013,10,OCTOBER,4,1945.0,250,15,29175.0,875.25,28299.75,19450.0,8849.75,31.27,3.0,2025-11-07 21:38:37.145146
GOVERNMENT,CANADA,CARRETERA,LOW,2014-05-01,2014,5,MAY,2,831.0,3,20,16620.0,498.6,16121.4,8310.0,7811.4,48.45,3.0,2025-11-07 21:38:37.145146
GOVERNMENT,MEXICO,PASEO,LOW,2013-09-01,2013,9,SEPTEMBER,3,1760.0,10,7,12320.0,369.6,11950.4,8800.0,3150.3999999999996,26.36,3.0,2025-11-07 21:38:37.145146
GOVERNMENT,CANADA,VELO,LOW,2014-04-01,2014,4,APRIL,2,3850.5,120,20,77010.0,2310.3,74699.7,38505.0,36194.700000000004,48.45,3.0,2025-11-07 21:38:37.145146
CHANNEL PARTNERS,GERMANY,VTT,LOW,2014-01-01,2014,1,JANUARY,1,2479.0,250,12,29748.0,892.44,28855.56,7437.0,21418.56,74.23,3.0,2025-11-07 21:38:37.145146
MIDMARKET,MEXICO,MONTANA,LOW,2014-10-01,2014,10,OCTOBER,4,2031.0,5,15,30465.0,1218.6,29246.4,20310.0,8936.400000000001,30.56,4.0,2025-11-07 21:38:37.145146
MIDMARKET,MEXICO,PASEO,LOW,2014-10-01,2014,10,OCTOBER,4,2031.0,10,15,30465.0,1218.6,29246.4,20310.0,8936.400000000001,30.56,4.0,2025-11-07 21:38:37.145146
MIDMARKET,FRANCE,PASEO,LOW,2013-12-01,2013,12,DECEMBER,4,2261.0,10,15,33915.0,1356.6,32558.4,22610.0,9948.400000000001,30.56,4.0,2025-11-07 21:38:37.145146
GOVERNMENT,UNITED STATES OF AMERICA,VELO,LOW,2013-09-01,2013,9,SEPTEMBER,3,736.0,120,20,14720.0,588.8,14131.2,7360.0,6771.200000000001,47.92,4.0,2025-11-07 21:38:37.145146
GOVERNMENT,CANADA,CARRETERA,LOW,2013-10-01,2013,10,OCTOBER,4,2851.0,3,7,19957.0,798.28,19158.72,14255.0,4903.720000000001,25.6,4.0,2025-11-07 21:38:37.145146
GOVERNMENT,UNITED STATES OF AMERICA,CARRETERA,LOW,2014-12-01,2014,12,DECEMBER,4,274.0,3,350,95900.0,3836.0,92064.0,71240.0,20824.0,22.62,4.0,2025-11-07 21:38:37.145146
MIDMARKET,CANADA,MONTANA,LOW,2014-03-01,2014,3,MARCH,1,1967.0,5,15,29505.0,1180.2,28324.8,19670.0,8654.8,30.56,4.0,2025-11-07 21:38:37.145146
GOVERNMENT,CANADA,MONTANA,LOW,2013-10-01,2013,10,OCTOBER,4,2851.0,5,7,19957.0,798.28,19158.72,14255.0,4903.720000000001,25.6,4.0,2025-11-07 21:38:37.145146
ENTERPRISE,MEXICO,MONTANA,LOW,2014-12-01,2014,12,DECEMBER,4,1138.0,5,125,142250.0,5690.0,136560.0,136560.0,0.0,0.0,4.0,2025-11-07 21:38:37.145146
ENTERPRISE,GERMANY,PASEO,LOW,2014-03-01,2014,3,MARCH,1,795.0,10,125,99375.0,3975.0,95400.0,95400.0,0.0,0.0,4.0,2025-11-07 21:38:37.145146
MIDMARKET,CANADA,PASEO,LOW,2014-09-01,2014,9,SEPTEMBER,3,218.0,10,15,3270.0,130.8,3139.2,2180.0,959.1999999999998,30.56,4.0,2025-11-07 21:38:37.145146
GOVERNMENT,CANADA,PASEO,LOW,2014-09-01,2014,9,SEPTEMBER,3,2074.0,10,20,41480.0,1659.2,39820.8,20740.0,19080.800000000003,47.92,4.0,2025-11-07 21:38:37.145146
GOVERNMENT,UNITED STATES OF AMERICA,PASEO,LOW,2014-09-01,2014,9,SEPTEMBER,3,1056.0,10,20,21120.0,844.8,20275.2,10560.0,9715.2,47.92,4.0,2025-11-07 21:38:37.145146
MIDMARKET,UNITED STATES OF AMERICA,PASEO,LOW,2013-10-01,2013,10,OCTOBER,4,671.0,10,15,10065.0,402.6,9662.4,6710.0,2952.3999999999996,30.56,4.0,2025-11-07 21:38:37.145146
MIDMARKET,MEXICO,PASEO,LOW,2013-10-01,2013,10,OCTOBER,4,1514.0,10,15,22710.0,908.4,21801.6,15140.0,6661.5999999999985,30.56,4.0,2025-11-07 21:38:37.145146
GOVERNMENT,UNITED STATES OF AMERICA,PASEO,LOW,2014-12-01,2014,12,DECEMBER,4,274.0,10,350,95900.0,3836.0,92064.0,71240.0,20824.0,22.62,4.0,2025-11-07 21:38:37.145146
ENTERPRISE,MEXICO,PASEO,LOW,2014-12-01,2014,12,DECEMBER,4,1138.0,10,125,142250.0,5690.0,136560.0,136560.0,0.0,0.0,4.0,2025-11-07 21:38:37.145146
CHANNEL PARTNERS,UNITED STATES OF AMERICA,VELO,LOW,2014-03-01,2014,3,MARCH,1,1465.0,120,12,17580.0,703.2,16876.8,4395.0,12481.8,73.96,4.0,2025-11-07 21:38:37.145146
GOVERNMENT,CANADA,VELO,LOW,2013-09-01,2013,9,SEPTEMBER,3,2646.0,120,20,52920.0,2116.8,50803.2,26460.0,24343.199999999997,47.92,4.0,2025-11-07 21:38:37.145146
CHANNEL PARTNERS,FRANCE,VTT,LOW,2014-05-01,2014,5,MAY,2,866.0,250,12,10392.0,415.68,9976.32,2598.0,7378.32,73.96,4.0,2025-11-07 21:38:37.145146
GOVERNMENT,UNITED STATES OF AMERICA,VTT,LOW,2013-09-01,2013,9,SEPTEMBER,3,349.0,250,350,122150.0,4886.0,117264.0,90740.0,26524.0,22.62,4.0,2025-11-07 21:38:37.145146
MIDMARKET,MEXICO,VTT,LOW,2013-10-01,2013,10,OCTOBER,4,1514.0,250,15,22710.0,908.4,21801.6,15140.0,6661.5999999999985,30.56,4.0,2025-11-07 21:38:37.145146
ENTERPRISE,MEXICO,AMARILLA,LOW,2014-04-01,2014,4,APRIL,2,1074.0,260,125,134250.0,5370.0,128880.0,128880.0,0.0,0.0,4.0,2025-11-07 21:38:37.145146
MIDMARKET,UNITED STATES OF AMERICA,AMARILLA,LOW,2013-10-01,2013,10,OCTOBER,4,671.0,260,15,10065.0,402.6,9662.4,6710.0,2952.3999999999996,30.56,4.0,2025-11-07 21:38:37.145146
GOVERNMENT,GERMANY,MONTANA,MEDIUM,2013-10-01,2013,10,OCTOBER,4,1159.0,5,7,8113.0,405.65,7707.35,5795.0,1912.3500000000004,24.81,5.0,2025-11-07 21:38:37.145146
GOVERNMENT,GERMANY,PASEO,MEDIUM,2014-01-01,2014,1,JANUARY,1,1372.0,10,7,9604.0,480.2,9123.8,6860.0,2263.7999999999993,24.81,5.0,2025-11-07 21:38:37.145146
GOVERNMENT,CANADA,PASEO,MEDIUM,2013-09-01,2013,9,SEPTEMBER,3,2349.0,10,7,16443.0,822.15,15620.85,11745.0,3875.8500000000004,24.81,5.0,2025-11-07 21:38:37.145146
GOVERNMENT,MEXICO,PASEO,MEDIUM,2014-10-01,2014,10,OCTOBER,4,2689.0,10,7,18823.0,941.15,17881.85,13445.0,4436.8499999999985,24.81,5.0,2025-11-07 21:38:37.145146
CHANNEL PARTNERS,CANADA,PASEO,MEDIUM,2014-12-01,2014,12,DECEMBER,4,2431.0,10,12,29172.0,1458.6,27713.4,7293.0,20420.4,73.68,5.0,2025-11-07 21:38:37.145146
CHANNEL PARTNERS,CANADA,VELO,MEDIUM,2014-12-01,2014,12,DECEMBER,4,2431.0,120,12,29172.0,1458.6,27713.4,7293.0,20420.4,73.68,5.0,2025-11-07 21:38:37.145146
GOVERNMENT,MEXICO,VTT,MEDIUM,2014-10-01,2014,10,OCTOBER,4,2689.0,250,7,18823.0,941.15,17881.85,13445.0,4436.8499999999985,24.81,5.0,2025-11-07 21:38:37.145146
GOVERNMENT,MEXICO,AMARILLA,MEDIUM,2014-07-01,2014,7,JULY,3,1683.0,260,7,11781.0,589.05,11191.95,8415.0,2776.9500000000007,24.81,5.0,2025-11-07 21:38:37.145146
CHANNEL PARTNERS,MEXICO,AMARILLA,MEDIUM,2014-08-01,2014,8,AUGUST,3,1123.0,260,12,13476.0,673.8,12802.2,3369.0,9433.2,73.68,5.0,2025-11-07 21:38:37.145146
GOVERNMENT,GERMANY,AMARILLA,MEDIUM,2013-10-01,2013,10,OCTOBER,4,1159.0,260,7,8113.0,405.65,7707.35,5795.0,1912.3500000000004,24.81,5.0,2025-11-07 21:38:37.145146
CHANNEL PARTNERS,FRANCE,CARRETERA,MEDIUM,2014-02-01,2014,2,FEBRUARY,1,1865.0,3,12,22380.0,1119.0,21261.0,5595.0,15666.0,73.68,5.0,2025-11-07 21:38:37.145146
CHANNEL PARTNERS,GERMANY,CARRETERA,MEDIUM,2014-02-01,2014,2,FEBRUARY,1,1116.0,3,12,13392.0,669.6,12722.4,3348.0,9374.4,73.68,5.0,2025-11-07 21:38:37.145146
GOVERNMENT,FRANCE,CARRETERA,MEDIUM,2014-05-01,2014,5,MAY,2,1563.0,3,20,31260.0,1563.0,29697.0,15630.0,14067.0,47.37,5.0,2025-11-07 21:38:37.145146
GOVERNMENT,GERMANY,CARRETERA,MEDIUM,2013-11-01,2013,11,NOVEMBER,4,1016.0,3,7,7112.0,355.6,6756.4,5080.0,1676.3999999999996,24.81,5.0,2025-11-07 21:38:37.145146
MIDMARKET,MEXICO,CARRETERA,MEDIUM,2014-11-01,2014,11,NOVEMBER,4,2791.0,3,15,41865.0,2093.25,39771.75,27910.0,11861.75,29.82,5.0,2025-11-07 21:38:37.145146
GOVERNMENT,UNITED STATES OF AMERICA,CARRETERA,MEDIUM,2014-12-01,2014,12,DECEMBER,4,570.0,3,7,3990.0,199.5,3790.5,2850.0,940.5,24.81,5.0,2025-11-07 21:38:37.145146
GOVERNMENT,FRANCE,CARRETERA,MEDIUM,2014-12-01,2014,12,DECEMBER,4,2487.0,3,7,17409.0,870.45,16538.55,12435.0,4103.549999999999,24.81,5.0,2025-11-07 21:38:37.145146
GOVERNMENT,MEXICO,MONTANA,MEDIUM,2013-09-01,2013,9,SEPTEMBER,3,720.0,5,350,252000.0,12600.0,239400.0,187200.0,52200.0,21.8,5.0,2025-11-07 21:38:37.145146
CHANNEL PARTNERS,GERMANY,MONTANA,MEDIUM,2014-11-01,2014,11,NOVEMBER,4,2342.0,5,12,28104.0,1405.2,26698.8,7026.0,19672.8,73.68,5.0,2025-11-07 21:38:37.145146
GOVERNMENT,FRANCE,PASEO,MEDIUM,2014-02-01,2014,2,FEBRUARY,1,1303.0,10,20,26060.0,1303.0,24757.0,13030.0,11727.0,47.37,5.0,2025-11-07 21:38:37.145146
GOVERNMENT,UNITED STATES OF AMERICA,PASEO,MEDIUM,2014-05-01,2014,5,MAY,2,2327.0,10,7,16289.0,814.45,15474.55,11635.0,3839.5499999999993,24.81,5.0,2025-11-07 21:38:37.145146
GOVERNMENT,UNITED STATES OF AMERICA,PASEO,MEDIUM,2014-06-01,2014,6,JUNE,2,602.0,10,350,210700.0,10535.0,200165.0,156520.0,43645.0,21.8,5.0,2025-11-07 21:38:37.145146
MIDMARKET,FRANCE,PASEO,MEDIUM,2014-09-01,2014,9,SEPTEMBER,3,2620.0,10,15,39300.0,1965.0,37335.0,26200.0,11135.0,29.82,5.0,2025-11-07 21:38:37.145146
GOVERNMENT,CANADA,PASEO,MEDIUM,2013-10-01,2013,10,OCTOBER,4,1389.0,10,20,27780.0,1389.0,26391.0,13890.0,12501.0,47.37,5.0,2025-11-07 21:38:37.145146
ENTERPRISE,UNITED STATES OF AMERICA,PASEO,MEDIUM,2014-10-01,2014,10,OCTOBER,4,861.0,10,125,107625.0,5381.25,102243.75,103320.0,0.0,-1.05,5.0,2025-11-07 21:38:37.145146
ENTERPRISE,FRANCE,PASEO,MEDIUM,2013-10-01,2013,10,OCTOBER,4,704.0,10,125,88000.0,4400.0,83600.0,84480.0,0.0,-1.05,5.0,2025-11-07 21:38:37.145146
GOVERNMENT,CANADA,PASEO,MEDIUM,2013-12-01,2013,12,DECEMBER,4,1802.0,10,20,36040.0,1802.0,34238.0,18020.0,16218.0,47.37,5.0,2025-11-07 21:38:37.145146
GOVERNMENT,UNITED STATES OF AMERICA,PASEO,MEDIUM,2014-12-01,2014,12,DECEMBER,4,2663.0,10,20,53260.0,2663.0,50597.0,26630.0,23967.0,47.37,5.0,2025-11-07 21:38:37.145146
GOVERNMENT,FRANCE,PASEO,MEDIUM,2013-12-01,2013,12,DECEMBER,4,2136.0,10,7,14952.0,747.6,14204.4,10680.0,3524.3999999999996,24.81,5.0,2025-11-07 21:38:37.145146
MIDMARKET,GERMANY,PASEO,MEDIUM,2013-12-01,2013,12,DECEMBER,4,2116.0,10,15,31740.0,1587.0,30153.0,21160.0,8993.0,29.82,5.0,2025-11-07 21:38:37.145146
MIDMARKET,UNITED STATES OF AMERICA,VELO,MEDIUM,2014-01-01,2014,1,JANUARY,1,555.0,120,15,8325.0,416.25,7908.75,5550.0,2358.75,29.82,5.0,2025-11-07 21:38:37.145146
MIDMARKET,MEXICO,VELO,MEDIUM,2014-01-01,2014,1,JANUARY,1,2861.0,120,15,42915.0,2145.75,40769.25,28610.0,12159.25,29.82,5.0,2025-11-07 21:38:37.145146
ENTERPRISE,GERMANY,VELO,MEDIUM,2014-02-01,2014,2,FEBRUARY,1,807.0,120,125,100875.0,5043.75,95831.25,96840.0,0.0,-1.05,5.0,2025-11-07 21:38:37.145146
GOVERNMENT,UNITED STATES OF AMERICA,VELO,MEDIUM,2014-06-01,2014,6,JUNE,2,602.0,120,350,210700.0,10535.0,200165.0,156520.0,43645.0,21.8,5.0,2025-11-07 21:38:37.145146
GOVERNMENT,UNITED STATES OF AMERICA,VELO,MEDIUM,2014-08-01,2014,8,AUGUST,3,2832.0,120,20,56640.0,2832.0,53808.0,28320.0,25488.0,47.37,5.0,2025-11-07 21:38:37.145146
GOVERNMENT,FRANCE,VELO,MEDIUM,2014-08-01,2014,8,AUGUST,3,1579.0,120,20,31580.0,1579.0,30001.0,15790.0,14211.0,47.37,5.0,2025-11-07 21:38:37.145146
ENTERPRISE,UNITED STATES OF AMERICA,VELO,MEDIUM,2014-10-01,2014,10,OCTOBER,4,861.0,120,125,107625.0,5381.25,102243.75,103320.0,0.0,-1.05,5.0,2025-11-07 21:38:37.145146
ENTERPRISE,FRANCE,VELO,MEDIUM,2013-10-01,2013,10,OCTOBER,4,704.0,120,125,88000.0,4400.0,83600.0,84480.0,0.0,-1.05,5.0,2025-11-07 21:38:37.145146
GOVERNMENT,FRANCE,VELO,MEDIUM,2013-12-01,2013,12,DECEMBER,4,1033.0,120,20,20660.0,1033.0,19627.0,10330.0,9297.0,47.37,5.0,2025-11-07 21:38:37.145146
GOVERNMENT,CANADA,VTT,MEDIUM,2013-10-01,2013,10,OCTOBER,4,1389.0,250,20,27780.0,1389.0,26391.0,13890.0,12501.0,47.37,5.0,2025-11-07 21:38:37.145146
GOVERNMENT,UNITED STATES OF AMERICA,VTT,MEDIUM,2013-11-01,2013,11,NOVEMBER,4,1265.0,250,20,25300.0,1265.0,24035.0,12650.0,11385.0,47.37,5.0,2025-11-07 21:38:37.145146
GOVERNMENT,GERMANY,VTT,MEDIUM,2013-11-01,2013,11,NOVEMBER,4,2297.0,250,20,45940.0,2297.0,43643.0,22970.0,20673.0,47.37,5.0,2025-11-07 21:38:37.145146
GOVERNMENT,UNITED STATES OF AMERICA,VTT,MEDIUM,2014-12-01,2014,12,DECEMBER,4,2663.0,250,20,53260.0,2663.0,50597.0,26630.0,23967.0,47.37,5.0,2025-11-07 21:38:37.145146
GOVERNMENT,UNITED STATES OF AMERICA,VTT,MEDIUM,2014-12-01,2014,12,DECEMBER,4,570.0,250,7,3990.0,199.5,3790.5,2850.0,940.5,24.81,5.0,2025-11-07 21:38:37.145146
GOVERNMENT,FRANCE,VTT,MEDIUM,2014-12-01,2014,12,DECEMBER,4,2487.0,250,7,17409.0,870.45,16538.55,12435.0,4103.549999999999,24.81,5.0,2025-11-07 21:38:37.145146
GOVERNMENT,CANADA,AMARILLA,MEDIUM,2014-08-01,2014,8,AUGUST,3,552.0,260,350,193200.0,9660.0,183540.0,143520.0,40020.0,21.8,5.0,2025-11-07 21:38:37.145146
MIDMARKET,FRANCE,PASEO,MEDIUM,2014-04-01,2014,4,APRIL,2,3801.0,10,15,57015.0,3420.8999999999996,53594.1,38010.0,15584.100000000002,29.08,6.0,2025-11-07 21:38:37.145146
GOVERNMENT,UNITED STATES OF AMERICA,CARRETERA,MEDIUM,2014-01-01,2014,1,JANUARY,1,1117.5,3,20,22350.0,1341.0,21009.0,11175.0,9834.0,46.81,6.0,2025-11-07 21:38:37.145146
MIDMARKET,CANADA,CARRETERA,MEDIUM,2014-06-01,2014,6,JUNE,2,2844.0,3,15,42660.0,2559.6,40100.4,28440.0,11660.400000000001,29.08,6.0,2025-11-07 21:38:37.145146
CHANNEL PARTNERS,MEXICO,CARRETERA,MEDIUM,2014-09-01,2014,9,SEPTEMBER,3,562.0,3,12,6744.0,404.64,6339.36,1686.0,4653.36,73.4,6.0,2025-11-07 21:38:37.145146
CHANNEL PARTNERS,CANADA,CARRETERA,MEDIUM,2013-10-01,2013,10,OCTOBER,4,2299.0,3,12,27588.0,1655.28,25932.72,6897.0,19035.72,73.4,6.0,2025-11-07 21:38:37.145146
MIDMARKET,UNITED STATES OF AMERICA,CARRETERA,MEDIUM,2014-11-01,2014,11,NOVEMBER,4,2030.0,3,15,30450.0,1827.0,28623.0,20300.0,8323.0,29.08,6.0,2025-11-07 21:38:37.145146
GOVERNMENT,UNITED STATES OF AMERICA,CARRETERA,MEDIUM,2013-11-01,2013,11,NOVEMBER,4,263.0,3,7,1841.0,110.46,1730.54,1315.0,415.53999999999996,24.01,6.0,2025-11-07 21:38:37.145146
ENTERPRISE,GERMANY,CARRETERA,MEDIUM,2013-12-01,2013,12,DECEMBER,4,887.0,3,125,110875.0,6652.5,104222.5,106440.0,0.0,-2.13,6.0,2025-11-07 21:38:37.145146
GOVERNMENT,FRANCE,MONTANA,MEDIUM,2013-10-01,2013,10,OCTOBER,4,1403.0,5,7,9821.0,589.26,9231.74,7015.0,2216.74,24.01,6.0,2025-11-07 21:38:37.145146
CHANNEL PARTNERS,UNITED STATES OF AMERICA,MONTANA,MEDIUM,2014-11-01,2014,11,NOVEMBER,4,2723.0,5,12,32676.0,1960.56,30715.44,8169.0,22546.44,73.4,6.0,2025-11-07 21:38:37.145146
CHANNEL PARTNERS,CANADA,PASEO,MEDIUM,2013-10-01,2013,10,OCTOBER,4,2299.0,10,12,27588.0,1655.28,25932.72,6897.0,19035.72,73.4,6.0,2025-11-07 21:38:37.145146
GOVERNMENT,UNITED STATES OF AMERICA,PASEO,MEDIUM,2013-10-01,2013,10,OCTOBER,4,727.0,10,350,254450.0,15267.0,239183.0,189020.0,50163.0,20.97,6.0,2025-11-07 21:38:37.145146
ENTERPRISE,CANADA,VELO,MEDIUM,2014-02-01,2014,2,FEBRUARY,1,952.0,120,125,119000.0,7140.0,111860.0,114240.0,0.0,-2.13,6.0,2025-11-07 21:38:37.145146
MIDMARKET,GERMANY,VELO,MEDIUM,2014-05-01,2014,5,MAY,2,1530.0,120,15,22950.0,1377.0,21573.0,15300.0,6273.0,29.08,6.0,2025-11-07 21:38:37.145146
GOVERNMENT,MEXICO,VELO,MEDIUM,2014-06-01,2014,6,JUNE,2,1498.0,120,7,10486.0,629.16,9856.84,7490.0,2366.84,24.01,6.0,2025-11-07 21:38:37.145146
MIDMARKET,CANADA,VTT,MEDIUM,2014-06-01,2014,6,JUNE,2,2844.0,250,15,42660.0,2559.6,40100.4,28440.0,11660.400000000001,29.08,6.0,2025-11-07 21:38:37.145146
GOVERNMENT,MEXICO,VTT,MEDIUM,2014-06-01,2014,6,JUNE,2,1498.0,250,7,10486.0,629.16,9856.84,7490.0,2366.84,24.01,6.0,2025-11-07 21:38:37.145146
GOVERNMENT,MEXICO,VTT,MEDIUM,2013-11-01,2013,11,NOVEMBER,4,1123.0,250,20,22460.0,1347.6,21112.4,11230.0,9882.400000000001,46.81,6.0,2025-11-07 21:38:37.145146
ENTERPRISE,FRANCE,AMARILLA,MEDIUM,2014-01-01,2014,1,JANUARY,1,1987.5,260,125,248437.5,14906.25,233531.25,238500.0,0.0,-2.13,6.0,2025-11-07 21:38:37.145146
GOVERNMENT,UNITED STATES OF AMERICA,AMARILLA,MEDIUM,2013-10-01,2013,10,OCTOBER,4,727.0,260,350,254450.0,15267.0,239183.0,189020.0,50163.0,20.97,6.0,2025-11-07 21:38:37.145146
GOVERNMENT,FRANCE,AMARILLA,MEDIUM,2013-10-01,2013,10,OCTOBER,4,1403.0,260,7,9821.0,589.26,9231.74,7015.0,2216.74,24.01,6.0,2025-11-07 21:38:37.145146
GOVERNMENT,FRANCE,MONTANA,MEDIUM,2013-10-01,2013,10,OCTOBER,4,1757.0,5,20,35140.0,2108.4,33031.6,17570.0,15461.599999999999,46.81,6.0,2025-11-07 21:38:37.145146
MIDMARKET,UNITED STATES OF AMERICA,PASEO,MEDIUM,2014-08-01,2014,8,AUGUST,3,2198.0,10,15,32970.0,1978.2,30991.8,21980.0,9011.8,29.08,6.0,2025-11-07 21:38:37.145146
MIDMARKET,GERMANY,PASEO,MEDIUM,2014-08-01,2014,8,AUGUST,3,1743.0,10,15,26145.0,1568.7,24576.3,17430.0,7146.299999999999,29.08,6.0,2025-11-07 21:38:37.145146
MIDMARKET,UNITED STATES OF AMERICA,PASEO,MEDIUM,2014-10-01,2014,10,OCTOBER,4,1153.0,10,15,17295.0,1037.7,16257.3,11530.0,4727.299999999999,29.08,6.0,2025-11-07 21:38:37.145146
GOVERNMENT,FRANCE,PASEO,MEDIUM,2013-10-01,2013,10,OCTOBER,4,1757.0,10,20,35140.0,2108.4,33031.6,17570.0,15461.599999999999,46.81,6.0,2025-11-07 21:38:37.145146
GOVERNMENT,GERMANY,VELO,MEDIUM,2014-08-01,2014,8,AUGUST,3,1001.0,120,20,20020.0,1201.2,18818.8,10010.0,8808.8,46.81,6.0,2025-11-07 21:38:37.145146
GOVERNMENT,MEXICO,VELO,MEDIUM,2014-11-01,2014,11,NOVEMBER,4,1333.0,120,7,9331.0,559.86,8771.14,6665.0,2106.1399999999994,24.01,6.0,2025-11-07 21:38:37.145146
MIDMARKET,UNITED STATES OF AMERICA,VTT,MEDIUM,2014-10-01,2014,10,OCTOBER,4,1153.0,250,15,17295.0,1037.7,16257.3,11530.0,4727.299999999999,29.08,6.0,2025-11-07 21:38:37.145146
CHANNEL PARTNERS,MEXICO,CARRETERA,MEDIUM,2014-02-01,2014,2,FEBRUARY,1,727.0,3,12,8724.0,610.68,8113.32,2181.0,5932.32,73.12,7.0,2025-11-07 21:38:37.145146
CHANNEL PARTNERS,CANADA,CARRETERA,MEDIUM,2014-08-01,2014,8,AUGUST,3,1884.0,3,12,22608.0,1582.56,21025.44,5652.0,15373.439999999999,73.12,7.0,2025-11-07 21:38:37.145146
GOVERNMENT,MEXICO,CARRETERA,MEDIUM,2013-09-01,2013,9,SEPTEMBER,3,1834.0,3,20,36680.0,2567.6,34112.4,18340.0,15772.400000000001,46.24,7.0,2025-11-07 21:38:37.145146
CHANNEL PARTNERS,MEXICO,MONTANA,MEDIUM,2014-01-01,2014,1,JANUARY,1,2340.0,5,12,28080.0,1965.6,26114.4,7020.0,19094.4,73.12,7.0,2025-11-07 21:38:37.145146
CHANNEL PARTNERS,FRANCE,MONTANA,MEDIUM,2014-11-01,2014,11,NOVEMBER,4,2342.0,5,12,28104.0,1967.28,26136.72,7026.0,19110.72,73.12,7.0,2025-11-07 21:38:37.145146
GOVERNMENT,FRANCE,PASEO,MEDIUM,2013-09-01,2013,9,SEPTEMBER,3,1031.0,10,7,7217.0,505.19,6711.81,5155.0,1556.8100000000004,23.2,7.0,2025-11-07 21:38:37.145146
MIDMARKET,CANADA,VELO,MEDIUM,2014-05-01,2014,5,MAY,2,1262.0,120,15,18930.0,1325.1,17604.9,12620.0,4984.9000000000015,28.32,7.0,2025-11-07 21:38:37.145146
GOVERNMENT,CANADA,VELO,MEDIUM,2014-06-01,2014,6,JUNE,2,1135.0,120,7,7945.0,556.15,7388.85,5675.0,1713.8500000000004,23.2,7.0,2025-11-07 21:38:37.145146
GOVERNMENT,UNITED STATES OF AMERICA,VELO,MEDIUM,2014-11-01,2014,11,NOVEMBER,4,547.0,120,7,3829.0,268.03,3560.9700000000003,2735.0,825.9700000000003,23.2,7.0,2025-11-07 21:38:37.145146
GOVERNMENT,CANADA,VELO,MEDIUM,2014-12-01,2014,12,DECEMBER,4,1582.0,120,7,11074.0,775.18,10298.82,7910.0,2388.8199999999997,23.2,7.0,2025-11-07 21:38:37.145146
CHANNEL PARTNERS,FRANCE,VTT,MEDIUM,2014-04-01,2014,4,APRIL,2,1738.5,250,12,20862.0,1460.34,19401.66,5215.5,14186.16,73.12,7.0,2025-11-07 21:38:37.145146
CHANNEL PARTNERS,GERMANY,VTT,MEDIUM,2013-09-01,2013,9,SEPTEMBER,3,2215.0,250,12,26580.0,1860.6,24719.4,6645.0,18074.4,73.12,7.0,2025-11-07 21:38:37.145146
GOVERNMENT,CANADA,VTT,MEDIUM,2014-12-01,2014,12,DECEMBER,4,1582.0,250,7,11074.0,775.18,10298.82,7910.0,2388.8199999999997,23.2,7.0,2025-11-07 21:38:37.145146
GOVERNMENT,CANADA,AMARILLA,MEDIUM,2014-06-01,2014,6,JUNE,2,1135.0,260,7,7945.0,556.15,7388.85,5675.0,1713.8500000000004,23.2,7.0,2025-11-07 21:38:37.145146
SMALL BUSINESS,FRANCE,CARRETERA,MEDIUM,2014-06-01,2014,6,JUNE,2,448.0,3,300,134400.0,9408.0,124992.0,112000.0,12992.0,10.39,7.0,2025-11-07 21:38:37.145146
GOVERNMENT,FRANCE,MONTANA,MEDIUM,2014-10-01,2014,10,OCTOBER,4,1976.0,5,20,39520.0,2766.4,36753.6,19760.0,16993.6,46.24,7.0,2025-11-07 21:38:37.145146
SMALL BUSINESS,FRANCE,PASEO,MEDIUM,2014-06-01,2014,6,JUNE,2,448.0,10,300,134400.0,9408.0,124992.0,112000.0,12992.0,10.39,7.0,2025-11-07 21:38:37.145146
MIDMARKET,FRANCE,PASEO,MEDIUM,2014-08-01,2014,8,AUGUST,3,2101.0,10,15,31515.0,2206.05,29308.95,21010.0,8298.95,28.32,7.0,2025-11-07 21:38:37.145146
MIDMARKET,UNITED STATES OF AMERICA,PASEO,MEDIUM,2013-09-01,2013,9,SEPTEMBER,3,2931.0,10,15,43965.0,3077.55,40887.45,29310.0,11577.449999999997,28.32,7.0,2025-11-07 21:38:37.145146
GOVERNMENT,FRANCE,PASEO,MEDIUM,2014-09-01,2014,9,SEPTEMBER,3,1535.0,10,20,30700.0,2149.0,28551.0,15350.0,13201.0,46.24,7.0,2025-11-07 21:38:37.145146
CHANNEL PARTNERS,MEXICO,PASEO,MEDIUM,2013-11-01,2013,11,NOVEMBER,4,2763.0,10,12,33156.0,2320.92,30835.08,8289.0,22546.08,73.12,7.0,2025-11-07 21:38:37.145146
GOVERNMENT,GERMANY,PASEO,MEDIUM,2013-12-01,2013,12,DECEMBER,4,2125.0,10,7,14875.0,1041.25,13833.75,10625.0,3208.75,23.2,7.0,2025-11-07 21:38:37.145146
GOVERNMENT,MEXICO,VELO,MEDIUM,2014-08-01,2014,8,AUGUST,3,609.0,120,20,12180.0,852.6,11327.4,6090.0,5237.4,46.24,7.0,2025-11-07 21:38:37.145146
ENTERPRISE,GERMANY,VELO,MEDIUM,2014-09-01,2014,9,SEPTEMBER,3,2087.0,120,125,260875.0,18261.25,242613.75,250440.0,0.0,-3.23,7.0,2025-11-07 21:38:37.145146
GOVERNMENT,FRANCE,VELO,MEDIUM,2014-10-01,2014,10,OCTOBER,4,1976.0,120,20,39520.0,2766.4,36753.6,19760.0,16993.6,46.24,7.0,2025-11-07 21:38:37.145146
GOVERNMENT,UNITED STATES OF AMERICA,VELO,MEDIUM,2013-12-01,2013,12,DECEMBER,4,1421.0,120,20,28420.0,1989.4,26430.6,14210.0,12220.599999999999,46.24,7.0,2025-11-07 21:38:37.145146
GOVERNMENT,GERMANY,VELO,MEDIUM,2013-12-01,2013,12,DECEMBER,4,588.0,120,20,11760.0,823.2,10936.8,5880.0,5056.799999999999,46.24,7.0,2025-11-07 21:38:37.145146
CHANNEL PARTNERS,CANADA,VTT,MEDIUM,2014-01-01,2014,1,JANUARY,1,3244.5,250,12,38934.0,2725.38,36208.62,9733.5,26475.120000000003,73.12,7.0,2025-11-07 21:38:37.145146
ENTERPRISE,CANADA,AMARILLA,MEDIUM,2014-05-01,2014,5,MAY,2,1645.0,260,125,205625.0,14393.75,191231.25,197400.0,0.0,-3.23,7.0,2025-11-07 21:38:37.145146
ENTERPRISE,GERMANY,AMARILLA,MEDIUM,2013-09-01,2013,9,SEPTEMBER,3,994.0,260,125,124250.0,8697.5,115552.5,119280.0,0.0,-3.23,7.0,2025-11-07 21:38:37.145146
GOVERNMENT,CANADA,AMARILLA,MEDIUM,2014-11-01,2014,11,NOVEMBER,4,1118.0,260,20,22360.0,1565.2,20794.8,11180.0,9614.8,46.24,7.0,2025-11-07 21:38:37.145146
GOVERNMENT,CANADA,MONTANA,MEDIUM,2014-02-01,2014,2,FEBRUARY,1,488.0,5,7,3416.0,273.28,3142.7200000000003,2440.0,702.7200000000003,22.36,8.0,2025-11-07 21:38:37.145146
GOVERNMENT,UNITED STATES OF AMERICA,MONTANA,MEDIUM,2014-06-01,2014,6,JUNE,2,1282.0,5,20,25640.0,2051.2,23588.8,12820.0,10768.8,45.65,8.0,2025-11-07 21:38:37.145146
GOVERNMENT,CANADA,PASEO,MEDIUM,2014-05-01,2014,5,MAY,2,257.0,10,7,1799.0,143.92,1655.08,1285.0,370.0799999999999,22.36,8.0,2025-11-07 21:38:37.145146
GOVERNMENT,UNITED STATES OF AMERICA,AMARILLA,MEDIUM,2014-06-01,2014,6,JUNE,2,1282.0,260,20,25640.0,2051.2,23588.8,12820.0,10768.8,45.65,8.0,2025-11-07 21:38:37.145146
ENTERPRISE,MEXICO,CARRETERA,MEDIUM,2014-08-01,2014,8,AUGUST,3,1540.0,3,125,192500.0,15400.0,177100.0,184800.0,0.0,-4.35,8.0,2025-11-07 21:38:37.145146
MIDMARKET,FRANCE,CARRETERA,MEDIUM,2014-11-01,2014,11,NOVEMBER,4,490.0,3,15,7350.0,588.0,6762.0,4900.0,1862.0,27.54,8.0,2025-11-07 21:38:37.145146
MIDMARKET,FRANCE,MONTANA,MEDIUM,2014-03-01,2014,3,MARCH,1,2501.0,5,15,37515.0,3001.2,34513.8,25010.0,9503.800000000003,27.54,8.0,2025-11-07 21:38:37.145146
GOVERNMENT,CANADA,MONTANA,MEDIUM,2014-06-01,2014,6,JUNE,2,708.0,5,20,14160.0,1132.8,13027.2,7080.0,5947.200000000001,45.65,8.0,2025-11-07 21:38:37.145146
GOVERNMENT,GERMANY,MONTANA,MEDIUM,2014-07-01,2014,7,JULY,3,645.0,5,20,12900.0,1032.0,11868.0,6450.0,5418.0,45.65,8.0,2025-11-07 21:38:37.145146
MIDMARKET,GERMANY,MONTANA,MEDIUM,2014-12-01,2014,12,DECEMBER,4,711.0,5,15,10665.0,853.2,9811.8,7110.0,2701.7999999999993,27.54,8.0,2025-11-07 21:38:37.145146
ENTERPRISE,MEXICO,PASEO,MEDIUM,2014-03-01,2014,3,MARCH,1,1114.0,10,125,139250.0,11140.0,128110.0,133680.0,0.0,-4.35,8.0,2025-11-07 21:38:37.145146
GOVERNMENT,GERMANY,PASEO,MEDIUM,2014-04-01,2014,4,APRIL,2,1259.0,10,7,8813.0,705.04,8107.96,6295.0,1812.96,22.36,8.0,2025-11-07 21:38:37.145146
GOVERNMENT,GERMANY,PASEO,MEDIUM,2014-05-01,2014,5,MAY,2,1095.0,10,7,7665.0,613.2,7051.8,5475.0,1576.8000000000002,22.36,8.0,2025-11-07 21:38:37.145146
GOVERNMENT,GERMANY,PASEO,MEDIUM,2014-06-01,2014,6,JUNE,2,1366.0,10,20,27320.0,2185.6,25134.4,13660.0,11474.400000000001,45.65,8.0,2025-11-07 21:38:37.145146
GOVERNMENT,UNITED STATES OF AMERICA,PASEO,MEDIUM,2014-08-01,2014,8,AUGUST,3,678.0,10,7,4746.0,379.68,4366.32,3390.0,976.3199999999997,22.36,8.0,2025-11-07 21:38:37.145146
GOVERNMENT,GERMANY,PASEO,MEDIUM,2014-08-01,2014,8,AUGUST,3,1598.0,10,7,11186.0,894.88,10291.12,7990.0,2301.120000000001,22.36,8.0,2025-11-07 21:38:37.145146
GOVERNMENT,GERMANY,PASEO,MEDIUM,2013-09-01,2013,9,SEPTEMBER,3,2409.0,10,7,16863.0,1349.04,15513.96,12045.0,3468.959999999999,22.36,8.0,2025-11-07 21:38:37.145146
GOVERNMENT,GERMANY,PASEO,MEDIUM,2014-09-01,2014,9,SEPTEMBER,3,1934.0,10,20,38680.0,3094.4,35585.6,19340.0,16245.599999999999,45.65,8.0,2025-11-07 21:38:37.145146
GOVERNMENT,MEXICO,PASEO,MEDIUM,2014-09-01,2014,9,SEPTEMBER,3,2993.0,10,20,59860.0,4788.8,55071.2,29930.0,25141.199999999997,45.65,8.0,2025-11-07 21:38:37.145146
GOVERNMENT,MEXICO,PASEO,MEDIUM,2013-12-01,2013,12,DECEMBER,4,1946.0,10,7,13622.0,1089.76,12532.24,9730.0,2802.24,22.36,8.0,2025-11-07 21:38:37.145146
CHANNEL PARTNERS,CANADA,VELO,MEDIUM,2014-03-01,2014,3,MARCH,1,598.0,120,12,7176.0,574.08,6601.92,1794.0,4807.92,72.83,8.0,2025-11-07 21:38:37.145146
GOVERNMENT,UNITED STATES OF AMERICA,VELO,MEDIUM,2014-06-01,2014,6,JUNE,2,2907.0,120,7,20349.0,1627.92,18721.08,14535.0,4186.080000000002,22.36,8.0,2025-11-07 21:38:37.145146
GOVERNMENT,GERMANY,VELO,MEDIUM,2014-06-01,2014,6,JUNE,2,2338.0,120,7,16366.0,1309.28,15056.72,11690.0,3366.7199999999993,22.36,8.0,2025-11-07 21:38:37.145146
SMALL BUSINESS,FRANCE,VELO,MEDIUM,2013-11-01,2013,11,NOVEMBER,4,386.0,120,300,115800.0,9264.0,106536.0,96500.0,10036.0,9.42,8.0,2025-11-07 21:38:37.145146
SMALL BUSINESS,MEXICO,VELO,MEDIUM,2014-12-01,2014,12,DECEMBER,4,635.0,120,300,190500.0,15240.0,175260.0,158750.0,16510.0,9.42,8.0,2025-11-07 21:38:37.145146
GOVERNMENT,FRANCE,VTT,MEDIUM,2014-04-01,2014,4,APRIL,2,574.5,250,350,201075.0,16086.0,184989.0,149370.0,35619.0,19.25,8.0,2025-11-07 21:38:37.145146
GOVERNMENT,GERMANY,VTT,MEDIUM,2014-06-01,2014,6,JUNE,2,2338.0,250,7,16366.0,1309.28,15056.72,11690.0,3366.7199999999993,22.36,8.0,2025-11-07 21:38:37.145146
GOVERNMENT,FRANCE,VTT,MEDIUM,2014-08-01,2014,8,AUGUST,3,381.0,250,350,133350.0,10668.0,122682.0,99060.0,23622.0,19.25,8.0,2025-11-07 21:38:37.145146
GOVERNMENT,GERMANY,VTT,MEDIUM,2014-08-01,2014,8,AUGUST,3,422.0,250,350,147700.0,11816.0,135884.0,109720.0,26164.0,19.25,8.0,2025-11-07 21:38:37.145146
SMALL BUSINESS,UNITED STATES OF AMERICA,VTT,MEDIUM,2013-12-01,2013,12,DECEMBER,4,808.0,250,300,242400.0,19392.0,223008.0,202000.0,21008.0,9.42,8.0,2025-11-07 21:38:37.145146
GOVERNMENT,CANADA,AMARILLA,MEDIUM,2014-06-01,2014,6,JUNE,2,708.0,260,20,14160.0,1132.8,13027.2,7080.0,5947.200000000001,45.65,8.0,2025-11-07 21:38:37.145146
GOVERNMENT,UNITED STATES OF AMERICA,AMARILLA,MEDIUM,2014-06-01,2014,6,JUNE,2,2907.0,260,7,20349.0,1627.92,18721.08,14535.0,4186.080000000002,22.36,8.0,2025-11-07 21:38:37.145146
GOVERNMENT,GERMANY,AMARILLA,MEDIUM,2014-06-01,2014,6,JUNE,2,1366.0,260,20,27320.0,2185.6,25134.4,13660.0,11474.400000000001,45.65,8.0,2025-11-07 21:38:37.145146
GOVERNMENT,GERMANY,AMARILLA,MEDIUM,2014-11-01,2014,11,NOVEMBER,4,1520.0,260,20,30400.0,2432.0,27968.0,15200.0,12768.0,45.65,8.0,2025-11-07 21:38:37.145146
MIDMARKET,GERMANY,AMARILLA,MEDIUM,2014-12-01,2014,12,DECEMBER,4,711.0,260,15,10665.0,853.2,9811.8,7110.0,2701.7999999999993,27.54,8.0,2025-11-07 21:38:37.145146
CHANNEL PARTNERS,MEXICO,AMARILLA,MEDIUM,2013-12-01,2013,12,DECEMBER,4,1375.0,260,12,16500.0,1320.0,15180.0,4125.0,11055.0,72.83,8.0,2025-11-07 21:38:37.145146
SMALL BUSINESS,MEXICO,AMARILLA,MEDIUM,2014-12-01,2014,12,DECEMBER,4,635.0,260,300,190500.0,15240.0,175260.0,158750.0,16510.0,9.42,8.0,2025-11-07 21:38:37.145146
GOVERNMENT,UNITED STATES OF AMERICA,VTT,MEDIUM,2014-07-01,2014,7,JULY,3,436.5,250,20,8730.0,698.4000000000001,8031.6,4365.0,3666.5999999999995,45.65,8.0,2025-11-07 21:38:37.145146
CHANNEL PARTNERS,MEXICO,CARRETERA,MEDIUM,2013-10-01,2013,10,OCTOBER,4,367.0,3,12,4404.0,396.36,4007.64,1101.0,2906.64,72.53,9.0,2025-11-07 21:38:37.145146
SMALL BUSINESS,FRANCE,MONTANA,MEDIUM,2013-09-01,2013,9,SEPTEMBER,3,322.0,5,300,96600.0,8694.0,87906.0,80500.0,7406.0,8.42,9.0,2025-11-07 21:38:37.145146
CHANNEL PARTNERS,CANADA,MONTANA,MEDIUM,2014-11-01,2014,11,NOVEMBER,4,2321.0,5,12,27852.0,2506.68,25345.32,6963.0,18382.32,72.53,9.0,2025-11-07 21:38:37.145146
ENTERPRISE,FRANCE,MONTANA,MEDIUM,2013-11-01,2013,11,NOVEMBER,4,1857.0,5,125,232125.0,20891.25,211233.75,222840.0,0.0,-5.49,9.0,2025-11-07 21:38:37.145146
GOVERNMENT,CANADA,MONTANA,MEDIUM,2013-12-01,2013,12,DECEMBER,4,1611.0,5,7,11277.0,1014.93,10262.07,8055.0,2207.0699999999997,21.51,9.0,2025-11-07 21:38:37.145146
SMALL BUSINESS,GERMANY,MONTANA,MEDIUM,2013-12-01,2013,12,DECEMBER,4,334.0,5,300,100200.0,9018.0,91182.0,83500.0,7682.0,8.42,9.0,2025-11-07 21:38:37.145146
MIDMARKET,UNITED STATES OF AMERICA,PASEO,MEDIUM,2014-04-01,2014,4,APRIL,2,3675.0,10,15,55125.0,4961.25,50163.75,36750.0,13413.75,26.74,9.0,2025-11-07 21:38:37.145146
MIDMARKET,FRANCE,PASEO,MEDIUM,2014-10-01,2014,10,OCTOBER,4,1227.0,10,15,18405.0,1656.45,16748.55,12270.0,4478.549999999999,26.74,9.0,2025-11-07 21:38:37.145146
CHANNEL PARTNERS,MEXICO,PASEO,MEDIUM,2013-10-01,2013,10,OCTOBER,4,367.0,10,12,4404.0,396.36,4007.64,1101.0,2906.64,72.53,9.0,2025-11-07 21:38:37.145146
CHANNEL PARTNERS,GERMANY,PASEO,MEDIUM,2013-11-01,2013,11,NOVEMBER,4,1775.0,10,12,21300.0,1917.0,19383.0,5325.0,14058.0,72.53,9.0,2025-11-07 21:38:37.145146
MIDMARKET,MEXICO,VELO,MEDIUM,2014-05-01,2014,5,MAY,2,245.0,120,15,3675.0,330.75,3344.25,2450.0,894.25,26.74,9.0,2025-11-07 21:38:37.145146
ENTERPRISE,CANADA,VELO,MEDIUM,2014-09-01,2014,9,SEPTEMBER,3,567.0,120,125,70875.0,6378.75,64496.25,68040.0,0.0,-5.49,9.0,2025-11-07 21:38:37.145146
ENTERPRISE,MEXICO,VELO,MEDIUM,2014-09-01,2014,9,SEPTEMBER,3,2110.0,120,125,263750.0,23737.5,240012.5,253200.0,0.0,-5.49,9.0,2025-11-07 21:38:37.145146
CHANNEL PARTNERS,UNITED STATES OF AMERICA,VTT,MEDIUM,2014-01-01,2014,1,JANUARY,1,1956.0,250,12,23472.0,2112.48,21359.52,5868.0,15491.52,72.53,9.0,2025-11-07 21:38:37.145146
CHANNEL PARTNERS,GERMANY,VTT,MEDIUM,2014-05-01,2014,5,MAY,2,880.0,250,12,10560.0,950.4,9609.6,2640.0,6969.6,72.53,9.0,2025-11-07 21:38:37.145146
CHANNEL PARTNERS,FRANCE,VTT,MEDIUM,2013-09-01,2013,9,SEPTEMBER,3,2234.0,250,12,26808.0,2412.72,24395.28,6702.0,17693.28,72.53,9.0,2025-11-07 21:38:37.145146
MIDMARKET,FRANCE,VTT,MEDIUM,2014-10-01,2014,10,OCTOBER,4,1227.0,250,15,18405.0,1656.45,16748.55,12270.0,4478.549999999999,26.74,9.0,2025-11-07 21:38:37.145146
ENTERPRISE,MEXICO,VTT,MEDIUM,2014-11-01,2014,11,NOVEMBER,4,877.0,250,125,109625.0,9866.25,99758.75,105240.0,0.0,-5.49,9.0,2025-11-07 21:38:37.145146
MIDMARKET,GERMANY,AMARILLA,MEDIUM,2013-11-01,2013,11,NOVEMBER,4,970.0,260,15,14550.0,1309.5,13240.5,9700.0,3540.5,26.74,9.0,2025-11-07 21:38:37.145146
GOVERNMENT,MEXICO,AMARILLA,MEDIUM,2014-11-01,2014,11,NOVEMBER,4,1694.0,260,20,33880.0,3049.2,30830.8,16940.0,13890.8,45.05,9.0,2025-11-07 21:38:37.145146
GOVERNMENT,GERMANY,CARRETERA,MEDIUM,2014-05-01,2014,5,MAY,2,663.0,3,20,13260.0,1193.4,12066.6,6630.0,5436.6,45.05,9.0,2025-11-07 21:38:37.145146
GOVERNMENT,CANADA,CARRETERA,MEDIUM,2014-07-01,2014,7,JULY,3,819.0,3,7,5733.0,515.97,5217.03,4095.0,1122.03,21.51,9.0,2025-11-07 21:38:37.145146
CHANNEL PARTNERS,GERMANY,CARRETERA,MEDIUM,2014-09-01,2014,9,SEPTEMBER,3,1580.0,3,12,18960.0,1706.4,17253.6,4740.0,12513.599999999999,72.53,9.0,2025-11-07 21:38:37.145146
GOVERNMENT,MEXICO,CARRETERA,MEDIUM,2014-12-01,2014,12,DECEMBER,4,521.0,3,7,3647.0,328.23,3318.77,2605.0,713.77,21.51,9.0,2025-11-07 21:38:37.145146
GOVERNMENT,UNITED STATES OF AMERICA,PASEO,MEDIUM,2014-03-01,2014,3,MARCH,1,973.0,10,20,19460.0,1751.4,17708.6,9730.0,7978.5999999999985,45.05,9.0,2025-11-07 21:38:37.145146
GOVERNMENT,MEXICO,PASEO,MEDIUM,2014-06-01,2014,6,JUNE,2,1038.0,10,20,20760.0,1868.4,18891.6,10380.0,8511.599999999999,45.05,9.0,2025-11-07 21:38:37.145146
GOVERNMENT,GERMANY,PASEO,MEDIUM,2014-10-01,2014,10,OCTOBER,4,360.0,10,7,2520.0,226.8,2293.2,1800.0,493.1999999999998,21.51,9.0,2025-11-07 21:38:37.145146
CHANNEL PARTNERS,FRANCE,VELO,MEDIUM,2014-03-01,2014,3,MARCH,1,1967.0,120,12,23604.0,2124.36,21479.64,5901.0,15578.64,72.53,9.0,2025-11-07 21:38:37.145146
MIDMARKET,MEXICO,VELO,MEDIUM,2014-04-01,2014,4,APRIL,2,2628.0,120,15,39420.0,3547.8,35872.2,26280.0,9592.199999999997,26.74,9.0,2025-11-07 21:38:37.145146
GOVERNMENT,GERMANY,VTT,MEDIUM,2014-10-01,2014,10,OCTOBER,4,360.0,250,7,2520.0,226.8,2293.2,1800.0,493.1999999999998,21.51,9.0,2025-11-07 21:38:37.145146
GOVERNMENT,FRANCE,VTT,MEDIUM,2013-11-01,2013,11,NOVEMBER,4,2682.0,250,20,53640.0,4827.6,48812.4,26820.0,21992.4,45.05,9.0,2025-11-07 21:38:37.145146
GOVERNMENT,MEXICO,VTT,MEDIUM,2014-12-01,2014,12,DECEMBER,4,521.0,250,7,3647.0,328.23,3318.77,2605.0,713.77,21.51,9.0,2025-11-07 21:38:37.145146
GOVERNMENT,MEXICO,AMARILLA,MEDIUM,2014-06-01,2014,6,JUNE,2,1038.0,260,20,20760.0,1868.4,18891.6,10380.0,8511.599999999999,45.05,9.0,2025-11-07 21:38:37.145146
MIDMARKET,CANADA,AMARILLA,MEDIUM,2014-07-01,2014,7,JULY,3,1630.5,260,15,24457.5,2201.175,22256.325,16305.0,5951.324999999999,26.74,9.0,2025-11-07 21:38:37.145146
CHANNEL PARTNERS,FRANCE,AMARILLA,MEDIUM,2013-12-01,2013,12,DECEMBER,4,306.0,260,12,3672.0,330.48,3341.52,918.0,2423.52,72.53,9.0,2025-11-07 21:38:37.145146
CHANNEL PARTNERS,UNITED STATES OF AMERICA,CARRETERA,HIGH,2013-10-01,2013,10,OCTOBER,4,386.0,3,12,4632.0,463.2,4168.8,1158.0,3010.8,72.22,10.0,2025-11-07 21:38:37.145146
GOVERNMENT,UNITED STATES OF AMERICA,MONTANA,HIGH,2014-09-01,2014,9,SEPTEMBER,3,2328.0,5,7,16296.0,1629.6,14666.4,11640.0,3026.3999999999996,20.63,10.0,2025-11-07 21:38:37.145146
CHANNEL PARTNERS,UNITED STATES OF AMERICA,PASEO,HIGH,2013-10-01,2013,10,OCTOBER,4,386.0,10,12,4632.0,463.2,4168.8,1158.0,3010.8,72.22,10.0,2025-11-07 21:38:37.145146
ENTERPRISE,FRANCE,CARRETERA,HIGH,2013-12-01,2013,12,DECEMBER,4,1482.0,3,125,185250.0,18525.0,166725.0,177840.0,0.0,-6.67,10.0,2025-11-07 21:38:37.145146
ENTERPRISE,UNITED STATES OF AMERICA,MONTANA,HIGH,2013-11-01,2013,11,NOVEMBER,4,1804.0,5,125,225500.0,22550.0,202950.0,216480.0,0.0,-6.67,10.0,2025-11-07 21:38:37.145146
MIDMARKET,FRANCE,MONTANA,HIGH,2014-12-01,2014,12,DECEMBER,4,2072.0,5,15,31080.0,3108.0,27972.0,20720.0,7252.0,25.93,10.0,2025-11-07 21:38:37.145146
GOVERNMENT,FRANCE,PASEO,HIGH,2014-03-01,2014,3,MARCH,1,1954.0,10,20,39080.0,3908.0,35172.0,19540.0,15632.0,44.44,10.0,2025-11-07 21:38:37.145146
SMALL BUSINESS,MEXICO,PASEO,HIGH,2014-05-01,2014,5,MAY,2,591.0,10,300,177300.0,17730.0,159570.0,147750.0,11820.0,7.41,10.0,2025-11-07 21:38:37.145146
MIDMARKET,FRANCE,PASEO,HIGH,2013-10-01,2013,10,OCTOBER,4,2167.0,10,15,32505.0,3250.5,29254.5,21670.0,7584.5,25.93,10.0,2025-11-07 21:38:37.145146
GOVERNMENT,GERMANY,PASEO,HIGH,2014-10-01,2014,10,OCTOBER,4,241.0,10,20,4820.0,482.0,4338.0,2410.0,1928.0,44.44,10.0,2025-11-07 21:38:37.145146
MIDMARKET,GERMANY,VELO,HIGH,2014-01-01,2014,1,JANUARY,1,681.0,120,15,10215.0,1021.5,9193.5,6810.0,2383.5,25.93,10.0,2025-11-07 21:38:37.145146
MIDMARKET,GERMANY,VELO,HIGH,2014-04-01,2014,4,APRIL,2,510.0,120,15,7650.0,765.0,6885.0,5100.0,1785.0,25.93,10.0,2025-11-07 21:38:37.145146
MIDMARKET,UNITED STATES OF AMERICA,VELO,HIGH,2014-05-01,2014,5,MAY,2,790.0,120,15,11850.0,1185.0,10665.0,7900.0,2765.0,25.93,10.0,2025-11-07 21:38:37.145146
GOVERNMENT,FRANCE,VELO,HIGH,2014-07-01,2014,7,JULY,3,639.0,120,350,223650.0,22365.0,201285.0,166140.0,35145.0,17.46,10.0,2025-11-07 21:38:37.145146
ENTERPRISE,UNITED STATES OF AMERICA,VELO,HIGH,2014-09-01,2014,9,SEPTEMBER,3,1596.0,120,125,199500.0,19950.0,179550.0,191520.0,0.0,-6.67,10.0,2025-11-07 21:38:37.145146
GOVERNMENT,GERMANY,VELO,HIGH,2014-10-01,2014,10,OCTOBER,4,241.0,120,20,4820.0,482.0,4338.0,2410.0,1928.0,44.44,10.0,2025-11-07 21:38:37.145146
GOVERNMENT,GERMANY,VELO,HIGH,2014-11-01,2014,11,NOVEMBER,4,2665.0,120,7,18655.0,1865.5,16789.5,13325.0,3464.5,20.63,10.0,2025-11-07 21:38:37.145146
ENTERPRISE,CANADA,VELO,HIGH,2013-12-01,2013,12,DECEMBER,4,1916.0,120,125,239500.0,23950.0,215550.0,229920.0,0.0,-6.67,10.0,2025-11-07 21:38:37.145146
SMALL BUSINESS,FRANCE,VELO,HIGH,2014-12-01,2014,12,DECEMBER,4,853.0,120,300,255900.0,25590.0,230310.0,213250.0,17060.0,7.41,10.0,2025-11-07 21:38:37.145146
ENTERPRISE,MEXICO,VTT,HIGH,2014-05-01,2014,5,MAY,2,341.0,250,125,42625.0,4262.5,38362.5,40920.0,0.0,-6.67,10.0,2025-11-07 21:38:37.145146
MIDMARKET,MEXICO,VTT,HIGH,2014-07-01,2014,7,JULY,3,641.0,250,15,9615.0,961.5,8653.5,6410.0,2243.5,25.93,10.0,2025-11-07 21:38:37.145146
SMALL BUSINESS,MEXICO,VTT,HIGH,2014-09-01,2014,9,SEPTEMBER,3,432.0,250,300,129600.0,12960.0,116640.0,108000.0,8640.0,7.41,10.0,2025-11-07 21:38:37.145146
MIDMARKET,FRANCE,VTT,HIGH,2013-10-01,2013,10,OCTOBER,4,2167.0,250,15,32505.0,3250.5,29254.5,21670.0,7584.5,25.93,10.0,2025-11-07 21:38:37.145146
ENTERPRISE,UNITED STATES OF AMERICA,AMARILLA,HIGH,2014-01-01,2014,1,JANUARY,1,579.0,260,125,72375.0,7237.5,65137.5,69480.0,0.0,-6.67,10.0,2025-11-07 21:38:37.145146
CHANNEL PARTNERS,CANADA,AMARILLA,HIGH,2014-04-01,2014,4,APRIL,2,3520.5,260,12,42246.0,4224.6,38021.4,10561.5,27459.899999999998,72.22,10.0,2025-11-07 21:38:37.145146
GOVERNMENT,MEXICO,AMARILLA,HIGH,2014-05-01,2014,5,MAY,2,2039.0,260,20,40780.0,4078.0,36702.0,20390.0,16312.0,44.44,10.0,2025-11-07 21:38:37.145146
CHANNEL PARTNERS,GERMANY,AMARILLA,HIGH,2014-08-01,2014,8,AUGUST,3,2574.0,260,12,30888.0,3088.8,27799.2,7722.0,20077.2,72.22,10.0,2025-11-07 21:38:37.145146
GOVERNMENT,CANADA,AMARILLA,HIGH,2014-09-01,2014,9,SEPTEMBER,3,707.0,260,350,247450.0,24745.0,222705.0,183820.0,38885.0,17.46,10.0,2025-11-07 21:38:37.145146
MIDMARKET,FRANCE,AMARILLA,HIGH,2014-12-01,2014,12,DECEMBER,4,2072.0,260,15,31080.0,3108.0,27972.0,20720.0,7252.0,25.93,10.0,2025-11-07 21:38:37.145146
SMALL BUSINESS,FRANCE,AMARILLA,HIGH,2014-12-01,2014,12,DECEMBER,4,853.0,260,300,255900.0,25590.0,230310.0,213250.0,17060.0,7.41,10.0,2025-11-07 21:38:37.145146
CHANNEL PARTNERS,FRANCE,CARRETERA,HIGH,2013-10-01,2013,10,OCTOBER,4,1198.0,3,12,14376.0,1581.36,12794.64,3594.0,9200.64,71.91,11.0,2025-11-07 21:38:37.145146
GOVERNMENT,FRANCE,PASEO,HIGH,2014-04-01,2014,4,APRIL,2,2532.0,10,7,17724.0,1949.6399999999999,15774.36,12660.0,3114.3599999999997,19.74,11.0,2025-11-07 21:38:37.145146
CHANNEL PARTNERS,FRANCE,PASEO,HIGH,2013-10-01,2013,10,OCTOBER,4,1198.0,10,12,14376.0,1581.36,12794.64,3594.0,9200.64,71.91,11.0,2025-11-07 21:38:37.145146
MIDMARKET,CANADA,VELO,HIGH,2014-01-01,2014,1,JANUARY,1,384.0,120,15,5760.0,633.5999999999999,5126.4,3840.0,1286.3999999999999,25.09,11.0,2025-11-07 21:38:37.145146
CHANNEL PARTNERS,GERMANY,VELO,HIGH,2014-10-01,2014,10,OCTOBER,4,472.0,120,12,5664.0,623.04,5040.96,1416.0,3624.96,71.91,11.0,2025-11-07 21:38:37.145146
GOVERNMENT,UNITED STATES OF AMERICA,VTT,HIGH,2014-03-01,2014,3,MARCH,1,1579.0,250,7,11053.0,1215.83,9837.17,7895.0,1942.17,19.74,11.0,2025-11-07 21:38:37.145146
CHANNEL PARTNERS,MEXICO,VTT,HIGH,2013-09-01,2013,9,SEPTEMBER,3,1005.0,250,12,12060.0,1326.6,10733.4,3015.0,7718.4,71.91,11.0,2025-11-07 21:38:37.145146
MIDMARKET,UNITED STATES OF AMERICA,AMARILLA,HIGH,2014-07-01,2014,7,JULY,3,3199.5,260,15,47992.5,5279.174999999999,42713.325,31995.0,10718.324999999999,25.09,11.0,2025-11-07 21:38:37.145146
CHANNEL PARTNERS,GERMANY,AMARILLA,HIGH,2014-10-01,2014,10,OCTOBER,4,472.0,260,12,5664.0,623.04,5040.96,1416.0,3624.96,71.91,11.0,2025-11-07 21:38:37.145146
CHANNEL PARTNERS,CANADA,CARRETERA,HIGH,2014-02-01,2014,2,FEBRUARY,1,1937.0,3,12,23244.0,2556.84,20687.16,5811.0,14876.16,71.91,11.0,2025-11-07 21:38:37.145146
GOVERNMENT,GERMANY,CARRETERA,HIGH,2014-03-01,2014,3,MARCH,1,792.0,3,350,277200.0,30492.0,246708.0,205920.0,40788.0,16.53,11.0,2025-11-07 21:38:37.145146
MIDMARKET,CANADA,CARRETERA,HIGH,2013-11-01,2013,11,NOVEMBER,4,1560.0,3,15,23400.0,2574.0,20826.0,15600.0,5226.0,25.09,11.0,2025-11-07 21:38:37.145146
GOVERNMENT,MEXICO,CARRETERA,HIGH,2013-11-01,2013,11,NOVEMBER,4,2706.0,3,7,18942.0,2083.62,16858.38,13530.0,3328.380000000001,19.74,11.0,2025-11-07 21:38:37.145146
GOVERNMENT,GERMANY,MONTANA,HIGH,2014-01-01,2014,1,JANUARY,1,766.0,5,350,268100.0,29491.0,238609.0,199160.0,39449.0,16.53,11.0,2025-11-07 21:38:37.145146
GOVERNMENT,GERMANY,MONTANA,HIGH,2013-10-01,2013,10,OCTOBER,4,2992.0,5,20,59840.0,6582.4,53257.6,29920.0,23337.6,43.82,11.0,2025-11-07 21:38:37.145146
MIDMARKET,MEXICO,MONTANA,HIGH,2014-12-01,2014,12,DECEMBER,4,2157.0,5,15,32355.0,3559.05,28795.95,21570.0,7225.950000000001,25.09,11.0,2025-11-07 21:38:37.145146
SMALL BUSINESS,CANADA,PASEO,HIGH,2014-01-01,2014,1,JANUARY,1,873.0,10,300,261900.0,28809.0,233091.0,218250.0,14841.0,6.37,11.0,2025-11-07 21:38:37.145146
GOVERNMENT,MEXICO,PASEO,HIGH,2014-03-01,2014,3,MARCH,1,1122.0,10,20,22440.0,2468.4,19971.6,11220.0,8751.599999999999,43.82,11.0,2025-11-07 21:38:37.145146
CHANNEL PARTNERS,CANADA,PASEO,HIGH,2014-07-01,2014,7,JULY,3,4026.0,10,12,48312.0,5314.32,42997.68,12078.0,30919.68,71.91,11.0,2025-11-07 21:38:37.145146
CHANNEL PARTNERS,FRANCE,PASEO,HIGH,2014-07-01,2014,7,JULY,3,2425.5,10,12,29106.0,3201.66,25904.34,7276.5,18627.840000000004,71.91,11.0,2025-11-07 21:38:37.145146
GOVERNMENT,CANADA,PASEO,HIGH,2014-08-01,2014,8,AUGUST,3,2394.0,10,20,47880.0,5266.8,42613.2,23940.0,18673.199999999997,43.82,11.0,2025-11-07 21:38:37.145146
MIDMARKET,MEXICO,PASEO,HIGH,2014-08-01,2014,8,AUGUST,3,1984.0,10,15,29760.0,3273.6,26486.4,19840.0,6646.4000000000015,25.09,11.0,2025-11-07 21:38:37.145146
GOVERNMENT,GERMANY,PASEO,HIGH,2013-10-01,2013,10,OCTOBER,4,2992.0,10,20,59840.0,6582.4,53257.6,29920.0,23337.6,43.82,11.0,2025-11-07 21:38:37.145146
GOVERNMENT,FRANCE,VELO,HIGH,2013-09-01,2013,9,SEPTEMBER,3,2805.0,120,20,56100.0,6171.0,49929.0,28050.0,21879.0,43.82,11.0,2025-11-07 21:38:37.145146
MIDMARKET,MEXICO,VELO,HIGH,2013-09-01,2013,9,SEPTEMBER,3,655.0,120,15,9825.0,1080.75,8744.25,6550.0,2194.25,25.09,11.0,2025-11-07 21:38:37.145146
GOVERNMENT,MEXICO,VELO,HIGH,2013-10-01,2013,10,OCTOBER,4,344.0,120,350,120400.0,13244.0,107156.0,89440.0,17716.0,16.53,11.0,2025-11-07 21:38:37.145146
GOVERNMENT,CANADA,VELO,HIGH,2014-11-01,2014,11,NOVEMBER,4,1808.0,120,7,12656.0,1392.16,11263.84,9040.0,2223.84,19.74,11.0,2025-11-07 21:38:37.145146
CHANNEL PARTNERS,FRANCE,VTT,HIGH,2014-01-01,2014,1,JANUARY,1,1734.0,250,12,20808.0,2288.88,18519.12,5202.0,13317.119999999999,71.91,11.0,2025-11-07 21:38:37.145146
ENTERPRISE,MEXICO,VTT,HIGH,2014-01-01,2014,1,JANUARY,1,554.0,250,125,69250.0,7617.5,61632.5,66480.0,0.0,-7.87,11.0,2025-11-07 21:38:37.145146
GOVERNMENT,CANADA,VTT,HIGH,2013-11-01,2013,11,NOVEMBER,4,2935.0,250,20,58700.0,6457.0,52243.0,29350.0,22893.0,43.82,11.0,2025-11-07 21:38:37.145146
GOVERNMENT,MEXICO,AMARILLA,HIGH,2014-01-01,2014,1,JANUARY,1,2629.0,260,20,52580.0,5783.8,46796.2,26290.0,20506.199999999997,43.82,11.0,2025-11-07 21:38:37.145146
ENTERPRISE,FRANCE,AMARILLA,HIGH,2014-05-01,2014,5,MAY,2,1433.0,260,125,179125.0,19703.75,159421.25,171960.0,0.0,-7.87,11.0,2025-11-07 21:38:37.145146
ENTERPRISE,MEXICO,AMARILLA,HIGH,2013-09-01,2013,9,SEPTEMBER,3,947.0,260,125,118375.0,13021.25,105353.75,113640.0,0.0,-7.87,11.0,2025-11-07 21:38:37.145146
GOVERNMENT,MEXICO,AMARILLA,HIGH,2013-10-01,2013,10,OCTOBER,4,344.0,260,350,120400.0,13244.0,107156.0,89440.0,17716.0,16.53,11.0,2025-11-07 21:38:37.145146
MIDMARKET,MEXICO,AMARILLA,HIGH,2014-12-01,2014,12,DECEMBER,4,2157.0,260,15,32355.0,3559.05,28795.95,21570.0,7225.950000000001,25.09,11.0,2025-11-07 21:38:37.145146
GOVERNMENT,UNITED STATES OF AMERICA,PASEO,HIGH,2013-09-01,2013,9,SEPTEMBER,3,380.0,10,7,2660.0,292.6,2367.4,1900.0,467.4000000000001,19.74,11.0,2025-11-07 21:38:37.145146
ENTERPRISE,MEXICO,CARRETERA,HIGH,2014-10-01,2014,10,OCTOBER,4,2156.0,3,125,269500.0,32340.0,237160.0,258720.0,0.0,-9.09,12.0,2025-11-07 21:38:37.145146
MIDMARKET,CANADA,CARRETERA,HIGH,2014-11-01,2014,11,NOVEMBER,4,2689.0,3,15,40335.0,4840.2,35494.8,26890.0,8604.800000000003,24.24,12.0,2025-11-07 21:38:37.145146
MIDMARKET,UNITED STATES OF AMERICA,MONTANA,HIGH,2014-03-01,2014,3,MARCH,1,677.0,5,15,10155.0,1218.6,8936.4,6770.0,2166.3999999999996,24.24,12.0,2025-11-07 21:38:37.145146
GOVERNMENT,MEXICO,MONTANA,HIGH,2014-09-01,2014,9,SEPTEMBER,3,2420.0,5,7,16940.0,2032.8,14907.2,12100.0,2807.2000000000007,18.83,12.0,2025-11-07 21:38:37.145146
GOVERNMENT,CANADA,MONTANA,HIGH,2014-10-01,2014,10,OCTOBER,4,2734.0,5,7,19138.0,2296.56,16841.44,13670.0,3171.4399999999987,18.83,12.0,2025-11-07 21:38:37.145146
GOVERNMENT,MEXICO,MONTANA,HIGH,2013-10-01,2013,10,OCTOBER,4,1715.0,5,20,34300.0,4116.0,30184.0,17150.0,13034.0,43.18,12.0,2025-11-07 21:38:37.145146
ENTERPRISE,MEXICO,PASEO,HIGH,2014-10-01,2014,10,OCTOBER,4,2156.0,10,125,269500.0,32340.0,237160.0,258720.0,0.0,-9.09,12.0,2025-11-07 21:38:37.145146
GOVERNMENT,MEXICO,PASEO,HIGH,2014-10-01,2014,10,OCTOBER,4,905.0,10,20,18100.0,2172.0,15928.0,9050.0,6878.0,43.18,12.0,2025-11-07 21:38:37.145146
GOVERNMENT,MEXICO,PASEO,HIGH,2013-10-01,2013,10,OCTOBER,4,1715.0,10,20,34300.0,4116.0,30184.0,17150.0,13034.0,43.18,12.0,2025-11-07 21:38:37.145146
MIDMARKET,MEXICO,PASEO,HIGH,2013-12-01,2013,12,DECEMBER,4,380.0,10,15,5700.0,684.0,5016.0,3800.0,1216.0,24.24,12.0,2025-11-07 21:38:37.145146
GOVERNMENT,MEXICO,PASEO,HIGH,2014-12-01,2014,12,DECEMBER,4,1233.0,10,20,24660.0,2959.2,21700.8,12330.0,9370.8,43.18,12.0,2025-11-07 21:38:37.145146
GOVERNMENT,MEXICO,VELO,HIGH,2014-10-01,2014,10,OCTOBER,4,905.0,120,20,18100.0,2172.0,15928.0,9050.0,6878.0,43.18,12.0,2025-11-07 21:38:37.145146
CHANNEL PARTNERS,CANADA,VTT,HIGH,2014-05-01,2014,5,MAY,2,2109.0,250,12,25308.0,3036.96,22271.04,6327.0,15944.04,71.59,12.0,2025-11-07 21:38:37.145146
MIDMARKET,FRANCE,VTT,HIGH,2014-07-01,2014,7,JULY,3,3874.5,250,15,58117.5,6974.099999999999,51143.4,38745.0,12398.399999999998,24.24,12.0,2025-11-07 21:38:37.145146
GOVERNMENT,CANADA,VTT,HIGH,2013-09-01,2013,9,SEPTEMBER,3,623.0,250,350,218050.0,26166.0,191884.0,161980.0,29904.0,15.58,12.0,2025-11-07 21:38:37.145146
ENTERPRISE,UNITED STATES OF AMERICA,VTT,HIGH,2014-11-01,2014,11,NOVEMBER,4,2387.0,250,125,298375.0,35805.0,262570.0,286440.0,0.0,-9.09,12.0,2025-11-07 21:38:37.145146
GOVERNMENT,MEXICO,VTT,HIGH,2014-12-01,2014,12,DECEMBER,4,1233.0,250,20,24660.0,2959.2,21700.8,12330.0,9370.8,43.18,12.0,2025-11-07 21:38:37.145146
GOVERNMENT,UNITED STATES OF AMERICA,AMARILLA,HIGH,2014-02-01,2014,2,FEBRUARY,1,270.0,260,350,94500.0,11340.0,83160.0,70200.0,12960.0,15.58,12.0,2025-11-07 21:38:37.145146
GOVERNMENT,FRANCE,AMARILLA,HIGH,2014-07-01,2014,7,JULY,3,3421.5,260,7,23950.5,2874.06,21076.44,17107.5,3968.9399999999987,18.83,12.0,2025-11-07 21:38:37.145146
GOVERNMENT,CANADA,AMARILLA,HIGH,2014-10-01,2014,10,OCTOBER,4,2734.0,260,7,19138.0,2296.56,16841.44,13670.0,3171.4399999999987,18.83,12.0,2025-11-07 21:38:37.145146
MIDMARKET,UNITED STATES OF AMERICA,AMARILLA,HIGH,2013-11-01,2013,11,NOVEMBER,4,2548.0,260,15,38220.0,4586.4,33633.6,25480.0,8153.5999999999985,24.24,12.0,2025-11-07 21:38:37.145146
GOVERNMENT,FRANCE,CARRETERA,HIGH,2014-01-01,2014,1,JANUARY,1,2521.5,3,20,50430.0,6051.6,44378.4,25215.0,19163.399999999998,43.18,12.0,2025-11-07 21:38:37.145146
CHANNEL PARTNERS,MEXICO,MONTANA,HIGH,2014-05-01,2014,5,MAY,2,2661.0,5,12,31932.0,3831.84,28100.16,7983.0,20117.16,71.59,12.0,2025-11-07 21:38:37.145146
GOVERNMENT,GERMANY,PASEO,HIGH,2014-12-01,2014,12,DECEMBER,4,1531.0,10,20,30620.0,3674.4,26945.6,15310.0,11635.599999999999,43.18,12.0,2025-11-07 21:38:37.145146
GOVERNMENT,FRANCE,VTT,HIGH,2014-03-01,2014,3,MARCH,1,1491.0,250,7,10437.0,1252.44,9184.56,7455.0,1729.5599999999995,18.83,12.0,2025-11-07 21:38:37.145146
GOVERNMENT,GERMANY,VTT,HIGH,2014-12-01,2014,12,DECEMBER,4,1531.0,250,20,30620.0,3674.4,26945.6,15310.0,11635.599999999999,43.18,12.0,2025-11-07 21:38:37.145146
CHANNEL PARTNERS,CANADA,AMARILLA,HIGH,2013-09-01,2013,9,SEPTEMBER,3,2761.0,260,12,33132.0,3975.84,29156.16,8283.0,20873.16,71.59,12.0,2025-11-07 21:38:37.145146
MIDMARKET,UNITED STATES OF AMERICA,CARRETERA,HIGH,2014-06-01,2014,6,JUNE,2,2567.0,3,15,38505.0,5005.65,33499.35,25670.0,7829.3499999999985,23.37,13.0,2025-11-07 21:38:37.145146
MIDMARKET,UNITED STATES OF AMERICA,VTT,HIGH,2014-06-01,2014,6,JUNE,2,2567.0,250,15,38505.0,5005.65,33499.35,25670.0,7829.3499999999985,23.37,13.0,2025-11-07 21:38:37.145146
GOVERNMENT,GERMANY,CARRETERA,HIGH,2013-09-01,2013,9,SEPTEMBER,3,442.0,3,20,8840.0,1149.2,7690.8,4420.0,3270.8,42.53,13.0,2025-11-07 21:38:37.145146
GOVERNMENT,UNITED STATES OF AMERICA,MONTANA,HIGH,2014-02-01,2014,2,FEBRUARY,1,1298.0,5,7,9086.0,1181.18,7904.82,6490.0,1414.8199999999997,17.9,13.0,2025-11-07 21:38:37.145146
CHANNEL PARTNERS,MEXICO,MONTANA,HIGH,2014-06-01,2014,6,JUNE,2,604.0,5,12,7248.0,942.24,6305.76,1812.0,4493.76,71.26,13.0,2025-11-07 21:38:37.145146
GOVERNMENT,MEXICO,MONTANA,HIGH,2014-07-01,2014,7,JULY,3,2255.0,5,20,45100.0,5863.0,39237.0,22550.0,16687.0,42.53,13.0,2025-11-07 21:38:37.145146
GOVERNMENT,CANADA,MONTANA,HIGH,2014-10-01,2014,10,OCTOBER,4,1249.0,5,20,24980.0,3247.4,21732.6,12490.0,9242.599999999999,42.53,13.0,2025-11-07 21:38:37.145146
GOVERNMENT,UNITED STATES OF AMERICA,PASEO,HIGH,2014-01-01,2014,1,JANUARY,1,1438.5,10,7,10069.5,1309.035,8760.465,7192.5,1567.9649999999992,17.9,13.0,2025-11-07 21:38:37.145146
SMALL BUSINESS,GERMANY,PASEO,HIGH,2014-01-01,2014,1,JANUARY,1,807.0,10,300,242100.0,31473.0,210627.0,201750.0,8877.0,4.21,13.0,2025-11-07 21:38:37.145146
GOVERNMENT,UNITED STATES OF AMERICA,PASEO,HIGH,2014-02-01,2014,2,FEBRUARY,1,2641.0,10,20,52820.0,6866.6,45953.4,26410.0,19543.4,42.53,13.0,2025-11-07 21:38:37.145146
GOVERNMENT,GERMANY,PASEO,HIGH,2014-02-01,2014,2,FEBRUARY,1,2708.0,10,20,54160.0,7040.8,47119.2,27080.0,20039.199999999997,42.53,13.0,2025-11-07 21:38:37.145146
ENTERPRISE,CANADA,PASEO,HIGH,2014-06-01,2014,6,JUNE,2,1583.0,10,125,197875.0,25723.75,172151.25,189960.0,0.0,-10.34,13.0,2025-11-07 21:38:37.145146
CHANNEL PARTNERS,MEXICO,PASEO,HIGH,2014-07-01,2014,7,JULY,3,571.0,10,12,6852.0,890.76,5961.24,1713.0,4248.24,71.26,13.0,2025-11-07 21:38:37.145146
GOVERNMENT,FRANCE,PASEO,HIGH,2014-08-01,2014,8,AUGUST,3,2696.0,10,7,18872.0,2453.36,16418.64,13480.0,2938.6399999999994,17.9,13.0,2025-11-07 21:38:37.145146
MIDMARKET,CANADA,PASEO,HIGH,2014-10-01,2014,10,OCTOBER,4,1565.0,10,15,23475.0,3051.75,20423.25,15650.0,4773.25,23.37,13.0,2025-11-07 21:38:37.145146
GOVERNMENT,CANADA,PASEO,HIGH,2014-10-01,2014,10,OCTOBER,4,1249.0,10,20,24980.0,3247.4,21732.6,12490.0,9242.599999999999,42.53,13.0,2025-11-07 21:38:37.145146
GOVERNMENT,GERMANY,PASEO,HIGH,2014-11-01,2014,11,NOVEMBER,4,357.0,10,350,124950.0,16243.5,108706.5,92820.0,15886.5,14.61,13.0,2025-11-07 21:38:37.145146
CHANNEL PARTNERS,GERMANY,PASEO,HIGH,2014-12-01,2014,12,DECEMBER,4,1013.0,10,12,12156.0,1580.28,10575.72,3039.0,7536.719999999999,71.26,13.0,2025-11-07 21:38:37.145146
MIDMARKET,FRANCE,VELO,HIGH,2014-01-01,2014,1,JANUARY,1,3997.5,120,15,59962.5,7795.125,52167.375,39975.0,12192.375,23.37,13.0,2025-11-07 21:38:37.145146
GOVERNMENT,FRANCE,VELO,HIGH,2014-06-01,2014,6,JUNE,2,1190.0,120,7,8330.0,1082.9,7247.1,5950.0,1297.1000000000004,17.9,13.0,2025-11-07 21:38:37.145146
CHANNEL PARTNERS,MEXICO,VELO,HIGH,2014-06-01,2014,6,JUNE,2,604.0,120,12,7248.0,942.24,6305.76,1812.0,4493.76,71.26,13.0,2025-11-07 21:38:37.145146
MIDMARKET,GERMANY,VELO,HIGH,2013-09-01,2013,9,SEPTEMBER,3,660.0,120,15,9900.0,1287.0,8613.0,6600.0,2013.0,23.37,13.0,2025-11-07 21:38:37.145146
CHANNEL PARTNERS,MEXICO,VELO,HIGH,2014-10-01,2014,10,OCTOBER,4,410.0,120,12,4920.0,639.6,4280.4,1230.0,3050.3999999999996,71.26,13.0,2025-11-07 21:38:37.145146
CHANNEL PARTNERS,GERMANY,VELO,HIGH,2014-12-01,2014,12,DECEMBER,4,1013.0,120,12,12156.0,1580.28,10575.72,3039.0,7536.719999999999,71.26,13.0,2025-11-07 21:38:37.145146
ENTERPRISE,CANADA,VTT,HIGH,2014-06-01,2014,6,JUNE,2,1583.0,250,125,197875.0,25723.75,172151.25,189960.0,0.0,-10.34,13.0,2025-11-07 21:38:37.145146
MIDMARKET,CANADA,VTT,HIGH,2014-10-01,2014,10,OCTOBER,4,1565.0,250,15,23475.0,3051.75,20423.25,15650.0,4773.25,23.37,13.0,2025-11-07 21:38:37.145146
ENTERPRISE,CANADA,AMARILLA,HIGH,2014-01-01,2014,1,JANUARY,1,1659.0,260,125,207375.0,26958.75,180416.25,199080.0,0.0,-10.34,13.0,2025-11-07 21:38:37.145146
GOVERNMENT,FRANCE,AMARILLA,HIGH,2014-06-01,2014,6,JUNE,2,1190.0,260,7,8330.0,1082.9,7247.1,5950.0,1297.1000000000004,17.9,13.0,2025-11-07 21:38:37.145146
CHANNEL PARTNERS,MEXICO,AMARILLA,HIGH,2014-10-01,2014,10,OCTOBER,4,410.0,260,12,4920.0,639.6,4280.4,1230.0,3050.3999999999996,71.26,13.0,2025-11-07 21:38:37.145146
CHANNEL PARTNERS,GERMANY,AMARILLA,HIGH,2013-12-01,2013,12,DECEMBER,4,1770.0,260,12,21240.0,2761.2,18478.8,5310.0,13168.8,71.26,13.0,2025-11-07 21:38:37.145146
GOVERNMENT,MEXICO,CARRETERA,HIGH,2014-04-01,2014,4,APRIL,2,2579.0,3,20,51580.0,7221.2,44358.8,25790.0,18568.800000000003,41.86,14.0,2025-11-07 21:38:37.145146
GOVERNMENT,UNITED STATES OF AMERICA,CARRETERA,HIGH,2014-05-01,2014,5,MAY,2,1743.0,3,20,34860.0,4880.4,29979.6,17430.0,12549.599999999999,41.86,14.0,2025-11-07 21:38:37.145146
GOVERNMENT,UNITED STATES OF AMERICA,CARRETERA,HIGH,2013-10-01,2013,10,OCTOBER,4,2996.0,3,7,20972.0,2936.08,18035.92,14980.0,3055.9199999999983,16.94,14.0,2025-11-07 21:38:37.145146
GOVERNMENT,GERMANY,CARRETERA,HIGH,2014-12-01,2014,12,DECEMBER,4,280.0,3,7,1960.0,274.4,1685.6,1400.0,285.5999999999999,16.94,14.0,2025-11-07 21:38:37.145146
GOVERNMENT,FRANCE,MONTANA,HIGH,2014-02-01,2014,2,FEBRUARY,1,293.0,5,7,2051.0,287.14,1763.8600000000001,1465.0,298.8600000000001,16.94,14.0,2025-11-07 21:38:37.145146
GOVERNMENT,UNITED STATES OF AMERICA,MONTANA,HIGH,2013-10-01,2013,10,OCTOBER,4,2996.0,5,7,20972.0,2936.08,18035.92,14980.0,3055.9199999999983,16.94,14.0,2025-11-07 21:38:37.145146
MIDMARKET,GERMANY,PASEO,HIGH,2014-02-01,2014,2,FEBRUARY,1,278.0,10,15,4170.0,583.8,3586.2,2780.0,806.1999999999998,22.48,14.0,2025-11-07 21:38:37.145146
GOVERNMENT,CANADA,PASEO,HIGH,2014-03-01,2014,3,MARCH,1,2428.0,10,20,48560.0,6798.4,41761.6,24280.0,17481.6,41.86,14.0,2025-11-07 21:38:37.145146
MIDMARKET,UNITED STATES OF AMERICA,PASEO,HIGH,2014-09-01,2014,9,SEPTEMBER,3,1767.0,10,15,26505.0,3710.7,22794.3,17670.0,5124.299999999999,22.48,14.0,2025-11-07 21:38:37.145146
CHANNEL PARTNERS,FRANCE,PASEO,HIGH,2014-10-01,2014,10,OCTOBER,4,1393.0,10,12,16716.0,2340.24,14375.76,4179.0,10196.76,70.93,14.0,2025-11-07 21:38:37.145146
GOVERNMENT,GERMANY,VTT,HIGH,2014-12-01,2014,12,DECEMBER,4,280.0,250,7,1960.0,274.4,1685.6,1400.0,285.5999999999999,16.94,14.0,2025-11-07 21:38:37.145146
CHANNEL PARTNERS,FRANCE,AMARILLA,HIGH,2014-10-01,2014,10,OCTOBER,4,1393.0,260,12,16716.0,2340.24,14375.76,4179.0,10196.76,70.93,14.0,2025-11-07 21:38:37.145146
CHANNEL PARTNERS,UNITED STATES OF AMERICA,AMARILLA,HIGH,2013-12-01,2013,12,DECEMBER,4,2015.0,260,12,24180.0,3385.2,20794.8,6045.0,14749.8,70.93,14.0,2025-11-07 21:38:37.145146
SMALL BUSINESS,MEXICO,CARRETERA,HIGH,2014-07-01,2014,7,JULY,3,801.0,3,300,240300.0,33642.0,206658.0,200250.0,6408.0,3.1,14.0,2025-11-07 21:38:37.145146
ENTERPRISE,FRANCE,CARRETERA,HIGH,2013-09-01,2013,9,SEPTEMBER,3,1023.0,3,125,127875.0,17902.5,109972.5,122760.0,0.0,-11.63,14.0,2025-11-07 21:38:37.145146
SMALL BUSINESS,UNITED STATES OF AMERICA,CARRETERA,HIGH,2014-10-01,2014,10,OCTOBER,4,1010.0,3,300,303000.0,42420.0,260580.0,252500.0,8080.0,3.1,14.0,2025-11-07 21:38:37.145146
MIDMARKET,GERMANY,CARRETERA,HIGH,2014-11-01,2014,11,NOVEMBER,4,1513.0,3,15,22695.0,3177.3,19517.7,15130.0,4387.700000000001,22.48,14.0,2025-11-07 21:38:37.145146
MIDMARKET,CANADA,CARRETERA,HIGH,2014-12-01,2014,12,DECEMBER,4,2300.0,3,15,34500.0,4830.0,29670.0,23000.0,6670.0,22.48,14.0,2025-11-07 21:38:37.145146
GOVERNMENT,CANADA,MONTANA,HIGH,2014-05-01,2014,5,MAY,2,200.0,5,350,70000.0,9800.0,60200.0,52000.0,8200.0,13.62,14.0,2025-11-07 21:38:37.145146
GOVERNMENT,CANADA,MONTANA,HIGH,2014-09-01,2014,9,SEPTEMBER,3,388.0,5,7,2716.0,380.24,2335.76,1940.0,395.7600000000002,16.94,14.0,2025-11-07 21:38:37.145146
GOVERNMENT,MEXICO,MONTANA,HIGH,2013-10-01,2013,10,OCTOBER,4,1727.0,5,7,12089.0,1692.46,10396.54,8635.0,1761.5400000000009,16.94,14.0,2025-11-07 21:38:37.145146
MIDMARKET,CANADA,MONTANA,HIGH,2014-12-01,2014,12,DECEMBER,4,2300.0,5,15,34500.0,4830.0,29670.0,23000.0,6670.0,22.48,14.0,2025-11-07 21:38:37.145146
GOVERNMENT,MEXICO,PASEO,HIGH,2014-02-01,2014,2,FEBRUARY,1,260.0,10,20,5200.0,728.0,4472.0,2600.0,1872.0,41.86,14.0,2025-11-07 21:38:37.145146
MIDMARKET,CANADA,PASEO,HIGH,2013-09-01,2013,9,SEPTEMBER,3,2470.0,10,15,37050.0,5187.0,31863.0,24700.0,7163.0,22.48,14.0,2025-11-07 21:38:37.145146
MIDMARKET,CANADA,PASEO,HIGH,2013-10-01,2013,10,OCTOBER,4,1743.0,10,15,26145.0,3660.3,22484.7,17430.0,5054.700000000001,22.48,14.0,2025-11-07 21:38:37.145146
CHANNEL PARTNERS,UNITED STATES OF AMERICA,PASEO,HIGH,2014-10-01,2014,10,OCTOBER,4,2914.0,10,12,34968.0,4895.52,30072.48,8742.0,21330.48,70.93,14.0,2025-11-07 21:38:37.145146
GOVERNMENT,FRANCE,PASEO,HIGH,2014-10-01,2014,10,OCTOBER,4,1731.0,10,7,12117.0,1696.38,10420.619999999999,8655.0,1765.619999999999,16.94,14.0,2025-11-07 21:38:37.145146
GOVERNMENT,CANADA,PASEO,HIGH,2014-11-01,2014,11,NOVEMBER,4,700.0,10,350,245000.0,34300.0,210700.0,182000.0,28700.0,13.62,14.0,2025-11-07 21:38:37.145146
CHANNEL PARTNERS,CANADA,PASEO,HIGH,2013-11-01,2013,11,NOVEMBER,4,2222.0,10,12,26664.0,3732.96,22931.04,6666.0,16265.04,70.93,14.0,2025-11-07 21:38:37.145146
ENTERPRISE,MEXICO,VELO,HIGH,2014-02-01,2014,2,FEBRUARY,1,1575.0,120,125,196875.0,27562.5,169312.5,189000.0,0.0,-11.63,14.0,2025-11-07 21:38:37.145146
GOVERNMENT,UNITED STATES OF AMERICA,VELO,HIGH,2014-04-01,2014,4,APRIL,2,606.0,120,20,12120.0,1696.8000000000002,10423.2,6060.0,4363.200000000001,41.86,14.0,2025-11-07 21:38:37.145146
SMALL BUSINESS,CANADA,VELO,HIGH,2013-10-01,2013,10,OCTOBER,4,269.0,120,300,80700.0,11298.0,69402.0,67250.0,2152.0,3.1,14.0,2025-11-07 21:38:37.145146
GOVERNMENT,MEXICO,VTT,HIGH,2014-03-01,2014,3,MARCH,1,2903.0,250,7,20321.0,2844.94,17476.06,14515.0,2961.0600000000013,16.94,14.0,2025-11-07 21:38:37.145146
SMALL BUSINESS,CANADA,VTT,HIGH,2013-10-01,2013,10,OCTOBER,4,269.0,250,300,80700.0,11298.0,69402.0,67250.0,2152.0,3.1,14.0,2025-11-07 21:38:37.145146
SMALL BUSINESS,UNITED STATES OF AMERICA,VTT,HIGH,2014-10-01,2014,10,OCTOBER,4,1010.0,250,300,303000.0,42420.0,260580.0,252500.0,8080.0,3.1,14.0,2025-11-07 21:38:37.145146
SMALL BUSINESS,CANADA,AMARILLA,HIGH,2014-03-01,2014,3,MARCH,1,888.0,260,300,266400.0,37296.0,229104.0,222000.0,7104.0,3.1,14.0,2025-11-07 21:38:37.145146
CHANNEL PARTNERS,FRANCE,AMARILLA,HIGH,2014-08-01,2014,8,AUGUST,3,2475.0,260,12,29700.0,4158.0,25542.0,7425.0,18117.0,70.93,14.0,2025-11-07 21:38:37.145146
MIDMARKET,CANADA,AMARILLA,HIGH,2013-10-01,2013,10,OCTOBER,4,1743.0,260,15,26145.0,3660.3,22484.7,17430.0,5054.700000000001,22.48,14.0,2025-11-07 21:38:37.145146
CHANNEL PARTNERS,UNITED STATES OF AMERICA,AMARILLA,HIGH,2014-10-01,2014,10,OCTOBER,4,2914.0,260,12,34968.0,4895.52,30072.48,8742.0,21330.48,70.93,14.0,2025-11-07 21:38:37.145146
GOVERNMENT,FRANCE,AMARILLA,HIGH,2014-10-01,2014,10,OCTOBER,4,1731.0,260,7,12117.0,1696.38,10420.619999999999,8655.0,1765.619999999999,16.94,14.0,2025-11-07 21:38:37.145146
GOVERNMENT,MEXICO,AMARILLA,HIGH,2013-10-01,2013,10,OCTOBER,4,1727.0,260,7,12089.0,1692.46,10396.54,8635.0,1761.5400000000009,16.94,14.0,2025-11-07 21:38:37.145146
MIDMARKET,MEXICO,AMARILLA,HIGH,2013-11-01,2013,11,NOVEMBER,4,1870.0,260,15,28050.0,3927.0,24123.0,18700.0,5423.0,22.48,14.0,2025-11-07 21:38:37.145146
ENTERPRISE,FRANCE,CARRETERA,HIGH,2014-08-01,2014,8,AUGUST,3,1174.0,3,125,146750.0,22012.5,124737.5,140880.0,0.0,-12.94,15.0,2025-11-07 21:38:37.145146
ENTERPRISE,GERMANY,CARRETERA,HIGH,2014-10-01,2014,10,OCTOBER,4,1085.0,3,125,135625.0,20343.75,115281.25,130200.0,0.0,-12.94,15.0,2025-11-07 21:38:37.145146
SMALL BUSINESS,MEXICO,MONTANA,HIGH,2014-10-01,2014,10,OCTOBER,4,546.0,5,300,163800.0,24570.0,139230.0,136500.0,2730.0,1.96,15.0,2025-11-07 21:38:37.145146
GOVERNMENT,GERMANY,PASEO,HIGH,2014-03-01,2014,3,MARCH,1,1158.0,10,20,23160.0,3474.0,19686.0,11580.0,8106.0,41.18,15.0,2025-11-07 21:38:37.145146
MIDMARKET,CANADA,PASEO,HIGH,2014-04-01,2014,4,APRIL,2,1614.0,10,15,24210.0,3631.5,20578.5,16140.0,4438.5,21.57,15.0,2025-11-07 21:38:37.145146
GOVERNMENT,MEXICO,PASEO,HIGH,2014-04-01,2014,4,APRIL,2,2535.0,10,7,17745.0,2661.75,15083.25,12675.0,2408.25,15.97,15.0,2025-11-07 21:38:37.145146
MIDMARKET,CANADA,PASEO,HIGH,2014-08-01,2014,8,AUGUST,3,2559.0,10,15,38385.0,5757.75,32627.25,25590.0,7037.25,21.57,15.0,2025-11-07 21:38:37.145146
GOVERNMENT,UNITED STATES OF AMERICA,PASEO,HIGH,2013-10-01,2013,10,OCTOBER,4,267.0,10,20,5340.0,801.0,4539.0,2670.0,1869.0,41.18,15.0,2025-11-07 21:38:37.145146
ENTERPRISE,GERMANY,PASEO,HIGH,2014-10-01,2014,10,OCTOBER,4,1085.0,10,125,135625.0,20343.75,115281.25,130200.0,0.0,-12.94,15.0,2025-11-07 21:38:37.145146
MIDMARKET,GERMANY,PASEO,HIGH,2014-10-01,2014,10,OCTOBER,4,1175.0,10,15,17625.0,2643.75,14981.25,11750.0,3231.25,21.57,15.0,2025-11-07 21:38:37.145146
CHANNEL PARTNERS,UNITED STATES OF AMERICA,PASEO,HIGH,2014-12-01,2014,12,DECEMBER,4,914.0,10,12,10968.0,1645.2,9322.8,2742.0,6580.799999999999,70.59,15.0,2025-11-07 21:38:37.145146
GOVERNMENT,FRANCE,PASEO,HIGH,2014-12-01,2014,12,DECEMBER,4,293.0,10,20,5860.0,879.0,4981.0,2930.0,2051.0,41.18,15.0,2025-11-07 21:38:37.145146
CHANNEL PARTNERS,MEXICO,VELO,HIGH,2014-03-01,2014,3,MARCH,1,500.0,120,12,6000.0,900.0,5100.0,1500.0,3600.0,70.59,15.0,2025-11-07 21:38:37.145146
MIDMARKET,FRANCE,VELO,HIGH,2014-05-01,2014,5,MAY,2,2826.0,120,15,42390.0,6358.5,36031.5,28260.0,7771.5,21.57,15.0,2025-11-07 21:38:37.145146
ENTERPRISE,FRANCE,VELO,HIGH,2014-09-01,2014,9,SEPTEMBER,3,663.0,120,125,82875.0,12431.25,70443.75,79560.0,0.0,-12.94,15.0,2025-11-07 21:38:37.145146
CHANNEL PARTNERS,UNITED STATES OF AMERICA,VELO,HIGH,2014-12-01,2014,12,DECEMBER,4,914.0,120,12,10968.0,1645.2,9322.8,2742.0,6580.799999999999,70.59,15.0,2025-11-07 21:38:37.145146
GOVERNMENT,CANADA,VTT,HIGH,2014-07-01,2014,7,JULY,3,865.5,250,20,17310.0,2596.5,14713.5,8655.0,6058.5,41.18,15.0,2025-11-07 21:38:37.145146
MIDMARKET,GERMANY,VTT,HIGH,2014-07-01,2014,7,JULY,3,492.0,250,15,7380.0,1107.0,6273.0,4920.0,1353.0,21.57,15.0,2025-11-07 21:38:37.145146
GOVERNMENT,UNITED STATES OF AMERICA,VTT,HIGH,2013-10-01,2013,10,OCTOBER,4,267.0,250,20,5340.0,801.0,4539.0,2670.0,1869.0,41.18,15.0,2025-11-07 21:38:37.145146
MIDMARKET,GERMANY,VTT,HIGH,2014-10-01,2014,10,OCTOBER,4,1175.0,250,15,17625.0,2643.75,14981.25,11750.0,3231.25,21.57,15.0,2025-11-07 21:38:37.145146
ENTERPRISE,GERMANY,VTT,HIGH,2014-11-01,2014,11,NOVEMBER,4,552.0,250,125,69000.0,10350.0,58650.0,66240.0,0.0,-12.94,15.0,2025-11-07 21:38:37.145146
GOVERNMENT,FRANCE,VTT,HIGH,2014-12-01,2014,12,DECEMBER,4,293.0,250,20,5860.0,879.0,4981.0,2930.0,2051.0,41.18,15.0,2025-11-07 21:38:37.145146
SMALL BUSINESS,MEXICO,AMARILLA,HIGH,2014-10-01,2014,10,OCTOBER,4,546.0,260,300,163800.0,24570.0,139230.0,136500.0,2730.0,1.96,15.0,2025-11-07 21:38:37.145146
GOVERNMENT,MEXICO,MONTANA,HIGH,2014-02-01,2014,2,FEBRUARY,1,1368.0,5,7,9576.0,1436.4,8139.6,6840.0,1299.6000000000004,15.97,15.0,2025-11-07 21:38:37.145146
GOVERNMENT,CANADA,PASEO,HIGH,2014-04-01,2014,4,APRIL,2,723.0,10,7,5061.0,759.1500000000001,4301.85,3615.0,686.8500000000001,15.97,15.0,2025-11-07 21:38:37.145146
CHANNEL PARTNERS,UNITED STATES OF AMERICA,VTT,HIGH,2014-05-01,2014,5,MAY,2,1806.0,250,12,21672.0,3250.8,18421.2,5418.0,13003.2,70.59,15.0,2025-11-07 21:38:37.145146
